index,model,Adherence to Instructions_score,Believable Character Actions_score,Nuanced Characters_score,Consistent Voice / Tone of Writing_score,Imagery and Descriptive Quality_score,Elegant Prose_score,Emotionally Engaging_score,Emotionally Complex_score,Coherent_score,Well-earned Lightness or Darkness_score,Sentences Flow Naturally_score,Overall Reader Engagement_score,Overall Impression_score,Meandering_score,Weak Dialogue_score,Tell-Don't-Show_score,Unsurprising or Uncreative_score,Amateurish_score,Purple Prose_score,Overwrought_score,Incongruent Ending Positivity_score,Unearned Transformations_score
0,deepseek-ai/DeepSeek-R1-0528,20.0,17.5,18.0,19.0,19.5,18.5,18.0,19.0,19.5,19.0,19.0,19.5,19.0,2.0,3.0,2.5,3.5,1.0,2.0,2.5,1.0,1.5
1,deepseek-ai/DeepSeek-R1-0528,20.0,18.5,19.0,19.5,19.0,18.0,19.5,20.0,19.5,18.5,19.0,20.0,19.5,2.0,3.0,2.5,1.5,1.0,3.5,2.0,1.0,3.0
2,deepseek-ai/DeepSeek-R1-0528,20.0,18.5,19.0,19.5,19.0,18.0,19.0,18.5,19.5,19.0,18.5,19.5,19.5,1.0,2.5,1.5,3.0,0.5,2.0,1.0,1.0,2.0
3,deepseek-ai/DeepSeek-R1-0528,20.0,17.5,18.0,19.0,19.5,18.5,18.0,19.0,19.5,19.0,19.0,19.5,19.0,2.0,3.0,2.5,3.5,1.0,2.0,1.5,1.0,1.0
4,deepseek-ai/DeepSeek-R1-0528,20.0,17.5,18.0,19.0,19.5,17.0,19.0,18.5,19.5,18.0,18.5,19.0,19.0,2.0,3.0,2.5,3.5,1.0,2.0,2.5,1.0,3.0
5,deepseek-ai/DeepSeek-R1-0528,20.0,18.5,19.0,19.5,19.0,18.0,17.5,18.5,19.5,19.0,18.5,19.0,19.5,2.0,1.5,3.0,2.5,1.0,1.5,1.0,1.0,1.0
6,deepseek-ai/DeepSeek-R1-0528,20.0,18.5,19.0,18.0,17.5,16.5,18.0,19.5,19.0,18.5,18.0,19.0,19.5,2.0,3.0,4.0,3.5,1.0,2.5,2.0,1.0,3.0
7,deepseek-ai/DeepSeek-R1-0528,20.0,18.5,19.0,19.5,20.0,18.0,19.0,19.5,19.5,19.0,18.5,20.0,19.5,1.0,2.5,1.5,2.0,0.5,1.0,1.5,0.5,1.0
8,deepseek-ai/DeepSeek-R1-0528,20.0,18.5,19.0,19.5,19.0,17.5,18.0,19.5,19.0,18.5,18.0,19.5,19.0,2.0,3.0,4.0,3.5,1.0,2.5,3.0,1.0,2.0
9,deepseek-ai/DeepSeek-R1-0528,20.0,17.5,16.0,19.0,19.5,18.5,18.0,17.0,19.0,19.5,18.5,19.0,19.5,2.0,3.5,2.5,3.0,1.0,2.0,3.0,1.0,2.0
10,deepseek-ai/DeepSeek-R1-0528,20.0,18.5,19.0,19.5,19.0,18.0,19.5,20.0,19.5,19.0,18.5,20.0,19.5,1.0,2.5,3.0,1.5,0.5,3.5,2.0,0.5,1.0
11,deepseek-ai/DeepSeek-R1-0528,20.0,18.5,19.0,19.5,19.0,18.0,19.5,20.0,19.0,19.5,18.5,19.0,19.5,2.0,3.0,1.5,3.0,1.0,2.5,2.0,1.0,1.5
12,deepseek-ai/DeepSeek-R1-0528,20.0,18.5,19.0,19.5,18.0,17.5,18.5,19.0,19.5,19.0,18.5,19.5,19.0,2.0,1.5,3.0,2.5,1.0,1.5,1.0,1.0,2.0
13,deepseek-ai/DeepSeek-R1-0528,20.0,18.5,19.0,18.0,19.5,17.5,18.0,18.5,19.0,17.0,18.5,19.0,19.5,2.0,3.0,2.5,3.5,1.0,2.0,1.5,1.0,2.0
14,deepseek-ai/DeepSeek-R1-0528,20.0,16.5,17.0,18.5,19.0,17.5,19.5,19.0,18.0,19.5,18.5,19.0,19.0,2.0,3.0,4.0,3.5,1.0,2.5,3.0,1.0,1.5
15,deepseek-ai/DeepSeek-R1-0528,20.0,18.5,19.0,19.5,19.0,18.0,19.0,19.5,19.5,19.0,18.5,19.5,19.0,2.0,3.0,2.5,3.5,1.0,3.0,2.5,1.0,2.0
16,deepseek-ai/DeepSeek-R1-0528,20.0,17.5,16.0,19.0,19.5,18.0,18.5,17.0,19.0,19.5,18.5,19.0,19.0,2.0,3.0,2.5,3.5,1.0,2.0,3.0,1.0,1.5
17,deepseek-ai/DeepSeek-R1-0528,20.0,17.5,19.0,19.5,19.0,18.5,18.0,19.5,19.0,20.0,18.5,19.5,19.5,2.0,1.5,1.0,3.0,0.5,2.5,1.5,1.0,1.5
18,deepseek-ai/DeepSeek-R1-0528,20.0,18.5,17.0,19.5,19.0,18.0,18.5,19.0,19.5,19.0,18.5,19.5,19.0,2.0,3.5,2.5,3.0,1.0,2.0,1.5,1.0,2.5
19,deepseek-ai/DeepSeek-R1-0528,20.0,18.5,19.0,19.5,17.0,15.5,18.0,19.0,19.5,18.5,18.0,19.0,19.5,2.0,1.5,3.0,3.5,1.0,1.5,1.0,1.0,2.5
20,deepseek-ai/DeepSeek-R1-0528,20.0,17.5,19.0,19.5,18.0,17.0,18.5,19.0,19.5,18.0,18.5,19.0,19.5,2.0,3.5,4.0,2.5,1.0,3.0,2.5,1.5,3.0
21,deepseek-ai/DeepSeek-R1-0528,20.0,18.5,19.0,19.5,18.0,17.5,19.0,20.0,19.5,18.5,18.0,19.5,19.0,3.0,2.5,3.5,2.0,1.0,3.0,4.0,1.0,2.5
22,deepseek-ai/DeepSeek-R1-0528,20.0,19.5,20.0,19.0,18.5,17.5,19.5,20.0,19.0,19.5,18.0,20.0,19.5,2.0,3.0,1.5,3.5,1.0,2.5,2.0,1.0,1.5
23,deepseek-ai/DeepSeek-R1-0528,20.0,19.5,18.0,19.0,20.0,18.5,19.0,18.5,19.5,19.0,19.5,20.0,19.5,1.0,1.0,2.0,3.0,0.5,2.5,1.5,1.0,1.0
24,deepseek-ai/DeepSeek-R1-0528,20.0,18.5,19.0,19.5,20.0,18.0,19.0,19.5,19.5,19.0,18.5,20.0,19.5,1.0,2.5,3.0,1.5,0.5,2.0,1.0,0.5,1.0
25,deepseek-ai/DeepSeek-R1-0528,20.0,18.5,19.0,19.5,19.0,18.0,17.5,19.5,19.0,18.5,18.5,19.0,19.5,2.0,1.5,3.0,2.5,1.0,3.5,2.0,1.0,1.5
26,deepseek-ai/DeepSeek-R1-0528,20.0,18.5,19.0,19.5,19.0,18.0,17.5,19.0,19.5,18.5,18.5,19.0,19.5,1.0,2.0,3.0,2.5,0.5,3.5,2.0,1.0,1.5
27,deepseek-ai/DeepSeek-R1-0528,20.0,18.5,19.0,19.5,19.0,17.5,18.0,19.0,20.0,19.5,18.5,19.0,19.5,1.0,2.0,3.0,2.5,1.0,3.5,2.0,1.0,1.5
28,deepseek-ai/DeepSeek-R1-0528,20.0,18.5,17.0,19.0,17.5,16.0,19.5,19.0,18.0,19.0,18.5,20.0,19.5,2.0,1.0,3.0,2.5,1.0,3.5,2.0,1.0,3.0
29,deepseek-ai/DeepSeek-R1-0528,20.0,17.5,15.0,19.0,18.5,17.0,16.0,17.5,19.5,19.0,18.0,19.5,19.0,2.0,3.0,4.0,3.0,1.0,2.5,3.5,1.0,2.0
30,deepseek-ai/DeepSeek-R1-0528,20.0,18.5,19.0,19.5,19.0,18.0,18.5,19.0,19.5,19.0,18.5,19.0,19.5,2.0,3.0,2.5,3.5,1.0,2.0,1.5,1.0,2.5
31,deepseek-ai/DeepSeek-R1-0528,20.0,18.5,19.0,19.5,19.0,18.0,18.5,19.0,19.5,19.0,18.5,19.5,19.0,2.0,3.0,2.5,3.5,1.0,2.0,2.5,1.0,2.0
32,deepseek-ai/DeepSeek-R1-0528,20.0,17.5,18.0,19.0,19.5,18.5,17.0,19.0,19.5,19.0,18.5,19.0,19.5,2.0,3.0,2.5,3.5,1.0,2.0,2.5,1.0,1.5
33,deepseek-ai/DeepSeek-R1-0528,20.0,18.5,19.0,19.5,19.0,18.0,19.5,20.0,19.5,18.5,19.0,20.0,19.5,2.0,1.5,1.0,1.0,0.5,2.5,1.5,1.0,1.5
34,deepseek-ai/DeepSeek-R1-0528,20.0,17.5,18.0,18.5,19.0,17.0,19.5,18.5,19.0,18.0,18.5,19.5,19.0,2.0,3.0,2.5,3.5,1.0,2.0,2.5,1.0,3.0
35,deepseek-ai/DeepSeek-R1-0528,20.0,17.5,18.0,19.0,18.5,17.0,18.0,19.0,19.5,19.0,18.5,19.5,19.0,2.0,3.0,2.5,3.5,1.0,2.0,1.5,1.0,1.0
36,deepseek-ai/DeepSeek-R1-0528,20.0,17.5,18.0,19.0,19.5,17.0,18.5,19.0,19.5,19.0,18.5,19.0,19.5,2.0,3.0,2.5,3.5,1.0,2.0,1.5,1.0,2.5
37,deepseek-ai/DeepSeek-R1-0528,20.0,17.5,18.0,19.5,19.0,17.0,18.5,19.0,19.5,19.0,18.0,19.5,19.0,2.0,3.0,2.5,3.5,1.0,2.0,2.5,1.0,1.5
38,deepseek-ai/DeepSeek-R1-0528,20.0,18.5,19.0,18.0,19.5,17.5,18.0,19.0,19.5,18.5,18.0,19.0,19.0,2.0,3.0,2.5,3.5,1.0,2.0,1.5,1.0,3.0
39,deepseek-ai/DeepSeek-R1-0528,20.0,17.5,18.0,19.0,19.5,18.5,18.0,19.0,19.5,19.0,18.5,19.0,19.5,1.0,2.5,3.0,2.0,1.0,2.0,1.5,1.0,1.5
40,deepseek-ai/DeepSeek-R1-0528,20.0,18.5,19.0,19.5,19.0,17.5,18.0,19.5,19.0,19.5,18.5,19.0,19.5,2.0,3.0,4.0,3.5,1.0,2.5,3.0,1.0,2.0
41,deepseek-ai/DeepSeek-R1-0528,20.0,17.5,18.0,19.0,19.5,18.5,19.0,18.5,19.5,19.0,18.0,19.5,19.0,2.0,3.0,2.5,3.5,1.0,2.0,2.5,1.0,1.5
42,deepseek-ai/DeepSeek-R1-0528,20.0,18.5,19.0,19.5,19.0,18.0,19.5,20.0,19.5,19.0,18.5,20.0,19.5,2.0,3.0,2.5,3.5,1.0,3.0,2.5,1.0,2.0
43,deepseek-ai/DeepSeek-R1-0528,20.0,18.5,19.0,19.5,19.0,18.0,19.5,20.0,19.5,19.0,18.5,19.5,19.0,2.0,3.0,2.5,3.5,1.0,2.0,2.5,1.0,1.5
44,deepseek-ai/DeepSeek-R1-0528,20.0,18.5,19.0,19.5,18.0,17.5,18.5,19.0,19.5,18.0,19.0,19.5,19.0,2.0,1.5,2.5,3.0,1.0,2.0,1.5,1.0,1.5
45,deepseek-ai/DeepSeek-R1-0528,20.0,18.5,19.0,19.5,19.0,18.0,19.5,18.5,20.0,18.0,19.0,19.5,19.0,2.0,3.0,1.5,3.5,1.0,2.5,1.5,1.0,2.5
46,deepseek-ai/DeepSeek-R1-0528,20.0,17.5,16.0,18.5,18.0,17.0,19.0,19.5,19.0,19.5,18.0,19.5,19.0,2.0,3.5,4.0,3.0,1.0,2.5,3.0,1.0,4.5
47,deepseek-ai/DeepSeek-R1-0528,20.0,17.5,18.0,19.0,19.5,18.5,18.0,19.0,19.5,19.0,18.5,19.5,19.0,2.0,3.0,2.5,3.5,1.0,3.0,2.5,1.0,2.0
48,deepseek-ai/DeepSeek-R1-0528,20.0,17.5,18.0,19.5,19.0,18.5,19.0,19.5,19.0,19.5,18.0,19.5,19.0,2.0,3.5,2.5,3.0,1.0,2.0,3.0,1.0,1.5
49,deepseek-ai/DeepSeek-R1-0528,20.0,18.5,19.0,19.5,18.0,17.5,17.0,18.5,19.0,19.5,18.5,19.0,19.5,2.0,1.5,3.0,3.5,1.0,2.5,1.5,1.0,1.0
50,deepseek-ai/DeepSeek-R1-0528,20.0,18.5,17.0,19.5,19.0,18.0,19.0,19.5,20.0,19.5,18.5,19.0,19.5,2.0,3.0,2.5,3.5,1.0,2.0,1.5,1.0,1.0
51,deepseek-ai/DeepSeek-R1-0528,20.0,18.5,17.0,19.0,17.5,15.0,18.0,18.5,19.5,19.0,18.0,19.0,19.5,2.0,1.5,3.0,4.0,1.0,1.5,2.5,1.0,3.5
52,deepseek-ai/DeepSeek-R1-0528,20.0,18.5,19.0,19.5,18.0,17.5,19.0,19.5,19.0,18.5,18.0,19.5,19.0,2.0,3.0,2.5,3.5,1.0,2.0,2.5,1.0,3.0
53,deepseek-ai/DeepSeek-R1-0528,20.0,18.5,19.0,19.5,18.0,16.5,19.0,19.5,19.0,18.5,18.0,19.5,19.0,3.0,2.5,3.5,4.0,1.5,2.0,3.0,1.0,2.5
54,deepseek-ai/DeepSeek-R1-0528,20.0,18.5,19.0,19.5,18.0,17.5,19.0,20.0,19.5,19.0,18.5,19.5,19.0,2.0,3.0,4.0,3.5,1.0,2.5,3.0,1.0,2.0
55,deepseek-ai/DeepSeek-R1-0528,20.0,19.5,18.0,19.0,19.5,18.5,18.0,17.5,19.5,19.0,18.5,19.0,19.5,1.0,3.0,2.0,3.0,1.0,2.5,2.0,1.0,2.5
56,deepseek-ai/DeepSeek-R1-0528,20.0,18.5,19.0,19.5,19.0,18.0,19.5,20.0,19.5,19.0,18.5,20.0,19.5,2.0,3.0,2.5,1.5,1.0,2.0,3.5,1.0,2.0
57,deepseek-ai/DeepSeek-R1-0528,20.0,18.5,19.0,19.5,18.0,17.5,17.0,19.0,19.0,19.5,18.5,19.0,19.5,2.0,3.0,2.5,1.5,1.0,3.5,2.0,1.0,1.5
58,deepseek-ai/DeepSeek-R1-0528,20.0,18.5,19.0,19.5,20.0,19.0,18.0,19.5,19.0,19.5,18.5,19.5,19.0,2.0,1.5,3.0,3.5,1.0,2.5,3.0,1.0,1.5
59,deepseek-ai/DeepSeek-R1-0528,20.0,17.5,18.0,19.0,18.5,17.0,17.5,18.5,19.5,19.0,18.0,19.0,19.5,2.0,3.0,4.0,3.5,1.0,2.5,3.0,1.0,2.0
60,deepseek-ai/DeepSeek-R1-0528,20.0,18.5,17.0,19.5,17.5,16.0,19.0,19.5,18.0,19.0,17.0,20.0,19.5,2.0,1.5,3.0,2.5,1.0,3.5,3.0,1.0,2.0
61,deepseek-ai/DeepSeek-R1-0528,20.0,17.5,15.0,19.0,18.5,17.0,14.0,16.5,19.5,19.0,18.0,19.5,19.0,2.0,3.0,4.0,2.5,1.0,3.5,3.0,1.0,2.0
62,deepseek-ai/DeepSeek-R1-0528,20.0,18.5,19.0,19.5,19.0,18.0,17.5,18.5,19.5,19.0,18.5,19.0,19.5,2.0,3.0,2.5,1.5,1.0,2.0,1.5,1.0,1.5
63,deepseek-ai/DeepSeek-R1-0528,20.0,18.5,19.0,19.5,19.0,18.0,18.5,19.5,19.0,19.5,18.5,19.0,19.5,2.0,3.5,2.5,3.0,1.0,2.0,2.5,1.0,2.0
64,deepseek-ai/DeepSeek-R1-0528,20.0,18.5,19.0,19.5,19.0,18.0,18.5,19.0,20.0,19.5,19.0,19.5,19.0,1.0,2.5,3.0,3.5,0.5,2.0,1.5,1.0,1.0
65,deepseek-ai/DeepSeek-R1-0528,20.0,18.5,19.0,19.5,20.0,18.0,19.0,19.5,19.5,18.5,19.0,19.5,19.0,2.0,3.0,2.5,3.5,1.0,3.0,2.0,1.0,2.5
66,deepseek-ai/DeepSeek-R1-0528,20.0,17.5,18.0,19.0,19.5,18.5,19.0,18.5,19.5,18.0,19.0,19.5,19.0,2.0,3.0,2.5,3.5,1.0,2.0,2.5,1.0,3.0
67,deepseek-ai/DeepSeek-R1-0528,20.0,17.5,16.0,18.5,19.0,17.0,18.0,17.5,19.5,19.0,18.0,19.0,18.5,2.0,3.5,4.0,3.0,1.0,2.5,2.0,1.0,1.5
68,deepseek-ai/DeepSeek-R1-0528,20.0,18.5,19.0,19.5,19.0,17.5,19.0,19.5,19.5,18.0,18.5,19.0,19.5,2.0,3.0,2.5,3.5,1.0,2.0,1.5,1.0,2.5
69,deepseek-ai/DeepSeek-R1-0528,20.0,17.5,18.0,19.0,19.5,17.0,18.5,19.0,19.5,19.0,18.0,19.5,19.0,2.0,3.0,2.5,3.5,1.0,2.0,1.5,1.0,1.5
70,deepseek-ai/DeepSeek-R1-0528,20.0,18.5,19.0,18.0,19.5,18.5,19.0,19.5,20.0,18.0,19.0,19.5,19.0,2.0,3.0,2.5,3.5,1.0,2.0,2.5,1.0,3.0
71,deepseek-ai/DeepSeek-R1-0528,20.0,18.5,19.0,19.5,19.0,18.0,19.0,19.5,19.5,19.0,18.5,19.5,19.0,1.0,2.5,3.0,2.0,1.0,2.0,1.5,1.0,1.5
72,deepseek-ai/DeepSeek-R1-0528,20.0,18.5,19.0,19.5,19.0,17.5,18.0,19.5,19.0,18.5,18.0,19.5,19.0,2.0,3.0,2.5,3.5,1.0,2.0,2.5,1.0,1.5
73,deepseek-ai/DeepSeek-R1-0528,20.0,17.5,18.0,19.0,19.5,18.5,19.0,18.5,19.5,19.0,19.0,19.5,19.0,2.0,3.0,2.5,3.5,1.0,2.0,2.5,1.0,1.5
74,deepseek-ai/DeepSeek-R1-0528,20.0,18.5,19.0,19.5,20.0,18.0,19.0,20.0,19.5,19.0,18.5,20.0,19.5,2.0,3.0,1.5,1.0,0.5,2.5,3.5,1.0,1.5
75,deepseek-ai/DeepSeek-R1-0528,20.0,18.5,19.0,19.5,20.0,18.0,19.0,20.0,19.5,19.0,18.5,19.5,19.5,2.0,3.0,1.5,3.5,1.0,2.5,2.0,1.0,1.5
76,deepseek-ai/DeepSeek-R1-0528,20.0,18.5,19.0,19.5,17.0,17.5,18.0,19.0,19.0,19.5,18.5,19.5,19.0,2.0,1.5,1.0,2.5,1.0,1.5,1.0,1.0,1.0
77,deepseek-ai/DeepSeek-R1-0528,20.0,18.5,19.0,18.0,19.5,17.5,19.0,18.5,20.0,18.0,19.0,19.5,19.0,2.0,3.0,2.5,3.5,1.0,2.0,1.5,1.0,3.0
78,deepseek-ai/DeepSeek-R1-0528,20.0,16.5,17.0,18.5,18.0,17.5,19.0,19.5,19.0,19.5,18.0,19.5,19.0,1.5,3.0,2.5,3.5,1.0,2.0,3.0,1.0,2.5
79,deepseek-ai/DeepSeek-R1-0528,20.0,18.5,19.0,19.5,20.0,19.0,19.5,19.0,19.5,19.0,19.5,20.0,19.5,2.0,3.0,1.5,2.5,1.0,3.5,2.0,1.0,1.5
80,deepseek-ai/DeepSeek-R1-0528,20.0,16.5,17.0,19.0,19.5,18.0,19.0,18.5,19.5,19.0,18.5,20.0,19.5,2.0,3.5,2.5,3.0,1.0,2.0,3.0,1.0,2.0
81,deepseek-ai/DeepSeek-R1-0528,20.0,18.5,19.0,19.5,19.0,18.0,18.5,19.5,19.0,19.5,18.5,19.0,19.5,2.0,1.5,2.5,3.0,1.0,3.5,2.0,1.0,1.5
82,deepseek-ai/DeepSeek-R1-0528,20.0,18.5,17.0,19.0,19.5,18.0,18.5,19.0,19.5,19.0,18.5,19.5,19.0,2.0,3.5,2.5,3.0,1.0,2.0,1.5,1.0,1.0
83,deepseek-ai/DeepSeek-R1-0528,20.0,18.5,17.0,19.5,18.0,16.5,19.0,18.5,19.0,19.5,18.0,19.5,19.0,2.0,1.5,3.0,4.0,1.0,2.5,1.5,1.0,1.5
84,deepseek-ai/DeepSeek-R1-0528,20.0,17.5,19.0,18.5,17.0,16.0,18.0,19.5,19.0,18.5,17.5,19.5,19.0,2.0,3.0,2.5,3.5,1.0,2.0,2.5,1.5,3.0
85,deepseek-ai/DeepSeek-R1-0528,20.0,18.5,19.0,19.5,18.0,17.5,19.0,19.5,19.0,18.5,18.0,19.5,19.0,2.0,3.0,2.5,3.5,1.0,2.0,2.5,1.0,1.5
86,deepseek-ai/DeepSeek-R1-0528,20.0,18.5,19.0,19.5,18.0,17.5,19.0,20.0,19.0,19.5,18.5,19.5,19.0,3.0,2.5,3.5,4.0,1.0,2.0,3.0,1.0,2.0
87,deepseek-ai/DeepSeek-R1-0528,20.0,19.5,18.0,19.0,19.5,18.5,18.0,17.5,20.0,19.0,19.0,19.5,19.0,1.0,2.0,3.0,3.0,1.0,2.5,2.0,1.0,1.5
88,deepseek-ai/DeepSeek-R1-0528,20.0,18.5,19.0,19.5,19.0,18.0,19.0,19.5,20.0,19.5,18.5,19.5,19.0,2.0,3.0,2.5,3.5,1.0,2.0,2.5,1.0,2.0
89,deepseek-ai/DeepSeek-R1-0528,20.0,18.5,19.0,19.5,19.0,18.0,18.5,19.5,19.0,19.5,18.5,20.0,19.5,2.0,1.5,1.0,1.0,0.5,3.0,2.5,1.0,1.5
90,deepseek-ai/DeepSeek-R1-0528,20.0,18.5,19.0,19.5,20.0,19.0,18.0,19.5,19.5,19.0,19.0,20.0,19.5,1.0,2.5,1.5,3.0,0.5,2.0,1.0,0.5,1.0
91,deepseek-ai/DeepSeek-R1-0528,20.0,17.5,18.0,19.0,18.5,17.0,18.0,19.5,19.0,19.5,18.5,19.0,19.5,1.0,2.5,3.0,2.0,1.0,2.0,1.5,1.0,1.0
92,deepseek-ai/DeepSeek-R1-0528,20.0,18.5,19.0,19.5,18.0,17.5,19.0,19.5,18.5,19.0,18.0,20.0,19.5,2.0,1.0,3.0,2.5,1.0,3.5,2.0,1.0,3.0
93,deepseek-ai/DeepSeek-R1-0528,20.0,17.5,14.0,19.0,18.5,17.0,15.0,16.5,19.5,19.0,18.0,19.5,19.0,2.0,3.5,4.0,3.0,1.0,2.5,3.0,1.0,1.5
94,deepseek-ai/DeepSeek-R1-0528,20.0,18.5,19.0,19.5,20.0,19.0,18.0,19.5,19.5,19.0,19.0,19.5,19.5,2.0,3.0,1.5,1.0,0.5,2.5,1.5,1.0,1.0
95,deepseek-ai/DeepSeek-R1-0528,20.0,18.5,19.0,19.5,20.0,18.0,19.0,19.5,19.5,19.0,18.5,19.5,19.5,2.0,3.0,2.5,3.5,1.0,2.0,2.5,1.0,2.0
96,zai-org/GLM-4.5,20.0,18.5,17.0,19.0,19.5,18.0,18.5,19.0,20.0,19.5,19.0,19.5,19.0,1.5,2.0,3.0,3.5,0.5,2.5,1.0,0.5,1.0
97,zai-org/GLM-4.5,20.0,18.5,19.0,19.5,19.0,18.0,19.0,20.0,19.5,18.5,19.0,19.5,19.0,2.0,3.0,2.5,3.5,1.0,3.0,2.0,1.0,2.5
98,zai-org/GLM-4.5,20.0,17.5,18.0,18.5,19.0,17.0,18.5,19.0,19.5,18.0,18.0,19.0,19.5,2.0,3.0,2.5,3.5,1.0,2.0,2.5,1.0,3.0
99,zai-org/GLM-4.5,20.0,17.5,18.0,19.0,19.5,18.5,18.0,19.0,19.5,19.0,18.5,19.5,19.0,2.0,3.0,2.5,3.5,1.0,2.0,2.5,1.0,1.5
100,zai-org/GLM-4.5,20.0,17.5,18.0,19.0,18.5,16.0,19.5,19.0,19.5,18.0,18.5,19.0,18.5,2.0,3.0,4.0,3.5,1.0,2.5,1.5,1.0,2.0
101,zai-org/GLM-4.5,20.0,17.5,18.0,19.0,19.5,18.5,17.0,16.5,19.0,19.5,18.0,19.0,19.0,2.0,3.0,2.5,3.5,1.0,2.0,1.5,1.0,1.0
102,zai-org/GLM-4.5,20.0,18.5,19.0,18.0,17.5,17.0,18.5,19.5,19.0,17.0,18.5,19.5,19.0,2.0,3.0,2.5,3.5,1.0,2.0,1.5,1.0,3.0
103,zai-org/GLM-4.5,20.0,17.5,18.0,19.0,19.5,18.5,18.0,19.0,19.5,19.0,18.5,19.5,19.0,1.0,2.5,3.0,2.0,1.0,2.0,1.5,1.0,2.5
104,zai-org/GLM-4.5,20.0,18.5,19.0,19.5,19.0,17.5,18.0,19.5,20.0,19.0,18.5,19.5,19.0,1.0,2.5,3.0,3.5,1.0,2.0,1.5,1.0,1.5
105,zai-org/GLM-4.5,20.0,17.5,18.0,19.0,19.5,18.5,19.0,18.5,19.5,19.0,19.0,19.5,19.0,2.0,3.0,2.5,3.5,1.0,2.0,3.0,1.0,2.5
106,zai-org/GLM-4.5,20.0,18.5,19.0,19.5,19.0,18.0,19.5,20.0,19.0,19.5,18.5,20.0,19.5,2.0,3.0,1.5,2.5,1.0,3.5,3.0,1.0,2.0
107,zai-org/GLM-4.5,20.0,18.5,19.0,19.5,19.0,17.5,18.0,19.5,19.0,19.5,18.5,19.0,19.0,2.0,3.0,2.5,3.5,1.0,2.0,1.5,1.0,1.5
108,zai-org/GLM-4.5,20.0,18.5,19.0,19.5,18.0,18.5,17.5,18.0,19.0,19.5,19.0,19.5,19.0,2.0,1.5,2.5,3.0,1.0,2.0,1.5,1.0,1.5
109,zai-org/GLM-4.5,20.0,18.5,19.0,18.0,19.5,17.5,19.0,18.5,20.0,18.0,19.0,19.5,19.0,2.0,3.0,2.5,4.0,1.0,3.5,2.0,1.0,3.0
110,zai-org/GLM-4.5,20.0,17.5,18.0,19.0,19.5,18.5,19.0,19.5,19.0,20.0,19.5,20.0,19.5,2.0,3.0,2.5,3.5,1.0,2.0,3.0,1.0,4.0
111,zai-org/GLM-4.5,20.0,17.5,18.0,19.0,19.5,18.5,18.0,19.0,19.5,19.0,19.0,19.5,19.0,2.0,3.0,2.5,3.5,1.0,2.0,2.5,1.0,2.0
112,zai-org/GLM-4.5,20.0,15.5,17.0,19.0,19.5,18.0,19.0,18.5,19.5,19.0,18.5,20.0,19.5,2.0,3.5,2.5,3.0,1.0,2.0,3.0,1.0,2.5
113,zai-org/GLM-4.5,20.0,18.5,19.0,19.5,19.0,18.0,18.5,19.5,19.0,19.5,19.0,19.5,19.0,2.0,3.0,2.5,3.5,1.0,2.0,2.5,1.0,1.5
114,zai-org/GLM-4.5,20.0,18.5,17.0,19.0,19.5,18.0,18.5,19.0,20.0,19.5,18.5,19.0,19.5,2.0,3.5,4.0,3.0,1.0,2.5,2.0,1.0,1.5
115,zai-org/GLM-4.5,20.0,18.5,19.0,19.5,18.0,16.5,19.0,19.5,20.0,19.0,18.5,19.5,19.0,2.0,1.5,3.0,4.0,1.0,1.5,2.5,1.0,3.5
116,zai-org/GLM-4.5,20.0,17.5,18.0,19.0,16.5,17.0,18.5,19.0,19.5,18.0,18.5,19.0,19.5,3.0,2.5,4.0,3.5,1.0,2.0,3.0,1.5,4.5
117,zai-org/GLM-4.5,20.0,18.5,19.0,19.5,18.0,17.5,19.0,20.0,18.5,18.0,17.0,19.5,19.0,3.0,2.5,3.5,4.0,1.5,3.0,4.5,1.0,2.0
118,zai-org/GLM-4.5,20.0,18.5,19.0,19.5,18.0,17.5,19.0,20.0,19.5,18.5,18.0,19.5,19.0,2.0,3.5,4.0,3.0,1.0,2.5,3.0,1.0,2.5
119,zai-org/GLM-4.5,20.0,18.5,17.0,19.0,19.5,18.0,17.5,18.0,19.0,18.5,18.5,19.0,19.0,2.0,1.0,3.0,3.5,1.0,2.5,2.0,1.0,1.5
120,zai-org/GLM-4.5,20.0,18.5,19.0,19.5,19.0,18.0,18.5,19.5,20.0,19.0,18.5,19.5,19.0,2.0,3.0,4.0,3.5,1.0,2.5,2.0,1.0,3.0
121,zai-org/GLM-4.5,20.0,18.5,19.0,19.5,19.0,18.0,18.5,19.5,19.0,19.5,18.5,19.0,19.5,2.0,1.5,3.0,2.5,1.0,3.5,2.0,1.0,1.5
122,zai-org/GLM-4.5,20.0,18.5,19.0,19.5,20.0,19.0,18.0,19.5,20.0,19.0,19.5,20.0,19.5,1.0,2.0,1.5,3.0,0.5,2.5,1.0,0.5,1.0
123,zai-org/GLM-4.5,20.0,18.5,19.0,19.5,19.0,17.5,18.0,19.0,20.0,19.5,18.5,19.0,19.5,1.0,2.5,3.0,2.0,1.0,3.5,2.0,1.0,1.5
124,zai-org/GLM-4.5,20.0,17.5,18.0,19.0,16.5,15.0,18.5,19.5,18.0,19.0,17.0,19.5,19.0,2.0,3.0,4.0,3.5,1.0,2.5,3.0,1.0,2.5
125,zai-org/GLM-4.5,20.0,17.5,15.0,19.0,17.0,16.5,14.0,16.0,19.5,18.0,18.5,19.0,19.5,2.0,3.0,4.0,3.5,1.0,2.5,3.0,1.0,2.5
126,zai-org/GLM-4.5,20.0,18.5,19.0,19.5,20.0,18.0,17.5,19.0,20.0,18.5,19.0,19.5,19.0,1.0,2.5,1.5,2.0,0.5,3.0,1.0,1.0,1.5
127,zai-org/GLM-4.5,20.0,18.5,19.0,19.5,19.0,18.0,18.5,19.5,19.0,19.5,18.5,19.0,19.5,2.0,3.5,2.5,3.0,1.0,2.0,2.5,1.0,3.0
128,zai-org/GLM-4.5,20.0,18.5,19.0,19.5,19.0,18.0,18.5,19.0,20.0,19.5,18.5,19.0,19.5,1.5,2.0,3.0,2.5,0.5,1.0,1.5,0.5,1.0
129,zai-org/GLM-4.5,20.0,18.5,19.0,19.5,19.0,18.0,19.0,19.5,20.0,18.5,19.0,19.5,19.0,2.0,3.0,2.5,3.5,1.0,3.0,2.0,1.0,3.0
130,zai-org/GLM-4.5,20.0,17.5,18.0,18.5,19.0,17.0,18.5,19.0,19.5,18.0,18.0,19.0,19.5,2.0,3.0,2.5,4.0,1.0,3.5,2.5,1.0,3.0
131,zai-org/GLM-4.5,20.0,17.5,18.0,19.0,19.5,18.5,19.0,18.5,19.5,19.0,18.0,19.5,19.0,2.0,3.0,2.5,3.5,1.0,2.0,2.5,1.0,1.5
132,zai-org/GLM-4.5,20.0,18.5,17.0,19.0,19.5,16.0,18.0,18.5,19.0,19.5,18.0,19.0,18.5,2.0,3.5,4.0,3.0,1.5,2.5,2.0,1.0,2.5
133,zai-org/GLM-4.5,20.0,16.5,17.0,18.5,19.0,17.5,16.0,17.5,19.5,18.0,18.0,19.0,18.5,2.0,3.5,2.5,4.0,1.5,3.0,2.0,1.0,1.0
134,zai-org/GLM-4.5,20.0,18.5,19.0,18.0,17.5,17.0,18.5,19.5,19.0,18.0,18.5,19.0,19.5,2.0,3.0,2.5,3.5,1.0,2.0,1.5,1.0,3.0
135,zai-org/GLM-4.5,20.0,18.5,19.0,19.5,20.0,18.0,19.0,19.5,20.0,19.5,18.5,19.5,19.0,1.0,2.5,1.5,3.0,0.5,2.0,1.0,0.5,1.0
136,zai-org/GLM-4.5,20.0,18.5,17.0,19.0,18.0,16.5,17.5,18.0,19.5,18.5,18.0,19.0,19.5,2.0,3.0,4.0,3.5,1.0,2.5,2.0,1.0,1.5
137,zai-org/GLM-4.5,20.0,17.5,18.0,19.0,19.5,18.5,19.0,18.5,19.5,19.0,19.0,19.5,19.0,2.0,3.0,2.5,4.0,1.0,3.5,3.0,1.0,2.0
138,zai-org/GLM-4.5,20.0,18.5,19.0,19.5,19.0,18.0,19.5,20.0,19.0,18.5,18.5,19.5,19.0,2.0,3.0,4.0,3.5,1.0,4.5,3.0,1.0,2.5
139,zai-org/GLM-4.5,20.0,18.5,19.0,19.5,20.0,18.0,19.0,19.5,19.0,20.0,18.5,19.5,19.0,3.0,2.5,3.5,4.0,1.0,2.0,3.0,1.0,2.5
140,zai-org/GLM-4.5,20.0,18.5,17.0,19.0,16.5,17.5,18.0,17.5,19.5,18.5,18.0,19.0,19.5,2.0,3.0,4.0,5.0,1.0,2.5,1.5,3.0,2.0
141,zai-org/GLM-4.5,20.0,18.5,19.0,18.0,19.5,17.5,18.0,19.0,19.5,18.5,18.5,19.0,19.5,2.0,3.0,2.5,3.5,1.0,3.0,2.5,1.0,3.0
142,zai-org/GLM-4.5,20.0,17.5,18.0,19.0,18.5,17.0,19.5,19.0,19.5,19.0,18.0,20.0,19.5,2.0,3.0,4.0,3.0,1.0,2.5,3.5,1.0,4.5
143,zai-org/GLM-4.5,20.0,17.5,18.0,19.0,19.5,18.5,19.0,19.5,19.0,18.5,19.5,19.0,19.5,2.0,3.0,2.5,3.5,1.0,2.0,2.5,1.0,2.0
144,zai-org/GLM-4.5,20.0,16.5,18.0,19.5,19.0,18.5,19.0,19.5,19.5,20.0,18.0,20.0,19.5,2.0,3.5,2.5,3.0,1.0,2.0,3.0,1.0,2.5
145,zai-org/GLM-4.5,20.0,18.5,19.0,19.5,19.0,18.0,18.5,19.5,19.0,19.5,18.5,19.0,19.5,3.0,2.5,3.5,4.0,1.0,3.0,2.5,1.0,2.0
146,zai-org/GLM-4.5,20.0,18.5,17.0,19.5,19.0,18.0,18.5,19.0,19.5,19.0,18.5,19.0,19.5,2.0,3.5,2.5,3.0,1.0,2.0,2.5,1.0,1.5
147,zai-org/GLM-4.5,20.0,18.5,19.0,19.5,18.0,16.5,19.0,19.5,20.0,19.0,18.5,19.5,19.0,2.0,1.5,3.0,3.5,1.0,1.5,2.5,1.0,2.0
148,zai-org/GLM-4.5,20.0,17.5,18.0,19.0,16.5,15.0,17.0,19.5,18.5,18.0,17.5,19.0,18.5,3.0,4.5,3.5,5.0,1.0,2.5,3.0,1.0,2.0
149,zai-org/GLM-4.5,20.0,18.5,19.0,19.5,18.0,16.5,19.0,19.5,18.5,18.0,17.5,19.0,18.5,3.0,2.5,3.5,4.0,1.5,3.0,3.5,1.0,2.0
150,zai-org/GLM-4.5,20.0,18.5,19.0,19.5,18.0,17.5,19.0,20.0,19.0,19.5,18.5,19.5,19.0,3.0,4.5,3.5,5.0,1.0,2.5,3.0,1.0,2.0
151,zai-org/GLM-4.5,20.0,18.5,17.0,19.0,19.5,18.0,18.5,17.5,19.5,19.0,18.5,19.0,19.0,1.0,1.0,2.5,3.0,1.0,2.0,1.5,1.0,1.0
152,zai-org/GLM-4.5,20.0,18.5,19.0,19.5,19.0,18.0,19.5,19.0,20.0,19.0,18.5,19.5,19.0,2.0,3.0,4.0,3.0,1.0,2.5,2.0,1.0,2.5
153,zai-org/GLM-4.5,20.0,18.5,19.0,19.5,19.0,18.0,18.5,19.5,19.0,19.5,18.5,19.0,19.5,2.0,3.0,1.5,2.5,1.0,3.5,2.0,1.0,1.5
154,zai-org/GLM-4.5,20.0,17.5,19.0,19.5,20.0,18.5,18.0,19.0,19.5,19.0,18.5,19.5,19.5,1.0,2.5,3.0,2.0,0.5,3.5,2.5,1.0,1.5
155,zai-org/GLM-4.5,20.0,18.5,19.0,19.5,19.0,17.5,18.0,19.0,20.0,19.5,18.5,19.5,19.0,1.0,2.5,3.0,2.0,1.0,3.5,2.0,1.0,1.5
156,zai-org/GLM-4.5,20.0,17.5,18.0,19.0,18.5,16.0,19.5,19.0,18.5,19.0,17.0,20.0,19.5,2.0,1.0,3.0,3.5,1.0,2.5,3.0,1.0,2.0
157,zai-org/GLM-4.5,20.0,17.5,14.0,19.0,18.5,16.0,13.0,15.5,19.5,18.0,17.0,19.0,19.5,2.0,3.5,4.0,3.0,1.0,2.5,2.0,1.0,1.5
158,zai-org/GLM-4.5,20.0,18.5,19.0,19.5,19.0,18.0,17.5,18.5,19.5,18.0,18.5,19.0,19.0,2.0,3.0,2.5,3.5,1.0,2.0,2.5,1.0,1.5
159,zai-org/GLM-4.5,20.0,18.5,19.0,19.5,19.0,18.0,18.5,19.5,19.0,19.0,18.5,19.5,19.0,2.0,3.0,2.5,3.5,1.0,2.0,2.5,1.0,3.0
160,zai-org/GLM-4.5,20.0,18.5,17.0,19.0,18.0,18.5,17.5,18.0,19.5,19.0,18.5,19.0,19.5,2.0,3.0,2.5,3.5,1.0,2.0,2.5,1.0,1.5
161,zai-org/GLM-4.5,20.0,18.5,19.0,19.5,19.0,18.0,19.5,20.0,19.5,18.5,19.0,19.5,19.0,2.0,3.0,2.5,3.5,1.0,3.0,2.0,1.0,2.5
162,zai-org/GLM-4.5,20.0,17.5,18.5,18.0,19.0,17.0,18.5,19.0,19.5,18.0,18.5,19.0,19.5,2.0,3.0,2.5,3.5,1.0,3.0,2.5,1.0,4.0
163,zai-org/GLM-4.5,20.0,18.5,19.0,19.5,19.0,18.0,18.5,19.0,19.5,19.0,19.0,19.5,19.5,2.0,3.0,2.5,3.5,1.0,2.0,2.5,1.0,1.0
164,zai-org/GLM-4.5,20.0,17.5,18.0,19.0,19.5,17.0,18.5,19.0,19.5,18.0,18.5,19.0,19.0,2.0,3.0,2.5,3.5,1.0,2.0,1.5,1.0,3.0
165,zai-org/GLM-4.5,20.0,17.5,18.0,19.0,18.5,17.0,16.5,17.0,19.5,18.0,18.5,19.0,18.5,2.0,3.0,2.5,4.0,1.0,3.5,2.0,1.0,1.5
166,zai-org/GLM-4.5,20.0,18.5,19.0,18.0,18.5,17.5,19.5,19.0,19.5,18.0,18.5,19.0,19.0,2.0,3.0,2.5,3.5,1.0,2.0,1.5,1.0,3.0
167,zai-org/GLM-4.5,20.0,17.5,18.0,19.0,19.5,18.5,18.0,19.0,19.5,19.0,18.5,19.0,19.5,2.0,3.0,2.5,3.5,1.0,2.0,2.5,1.0,1.5
168,zai-org/GLM-4.5,20.0,18.5,19.0,19.5,18.0,17.5,18.5,19.0,19.5,19.0,18.5,19.5,19.0,2.0,3.0,2.5,3.5,1.0,2.0,1.5,1.0,2.5
169,zai-org/GLM-4.5,20.0,16.5,17.0,19.0,19.5,18.0,18.5,19.0,19.5,19.0,18.5,19.5,19.0,2.0,3.0,2.5,3.5,1.0,2.0,3.0,1.0,2.5
170,zai-org/GLM-4.5,20.0,18.5,19.0,19.5,19.0,18.0,19.5,20.0,19.5,19.0,18.5,20.0,19.5,2.0,3.0,2.5,3.5,1.0,3.0,2.5,1.0,2.0
171,zai-org/GLM-4.5,20.0,18.5,19.0,19.5,19.0,18.0,19.5,20.0,19.5,19.0,18.5,19.0,19.5,2.0,3.5,2.5,3.0,1.0,2.0,1.5,1.0,2.5
172,zai-org/GLM-4.5,20.0,18.5,19.0,19.5,18.0,17.5,18.5,17.0,19.0,19.5,18.5,19.0,19.5,2.0,3.0,2.5,3.5,1.0,2.0,1.5,1.0,1.5
173,zai-org/GLM-4.5,20.0,18.5,19.0,18.0,19.5,17.5,18.0,19.0,20.0,18.5,19.0,19.5,19.0,2.0,3.0,2.5,3.5,1.0,2.0,1.5,1.0,2.5
174,zai-org/GLM-4.5,20.0,17.5,18.0,19.0,18.5,17.0,19.5,19.0,19.5,19.0,18.0,20.0,19.5,2.0,3.0,4.0,3.5,1.0,2.5,3.0,1.0,5.0
175,zai-org/GLM-4.5,20.0,17.5,18.0,19.0,19.5,18.5,18.0,19.0,19.5,19.0,18.5,19.0,19.5,2.0,3.0,2.5,3.5,1.0,2.0,2.5,1.0,2.0
176,zai-org/GLM-4.5,20.0,16.5,17.0,19.0,19.5,17.5,18.0,18.5,19.0,19.5,18.5,19.0,19.5,2.0,3.5,4.0,3.0,1.0,2.5,3.0,1.0,2.0
177,zai-org/GLM-4.5,20.0,18.5,19.0,19.5,19.0,18.0,18.5,19.5,19.0,19.5,19.0,20.0,19.5,2.0,1.5,1.0,2.5,0.5,3.0,1.5,1.0,1.5
178,zai-org/GLM-4.5,20.0,18.5,19.0,19.5,20.0,18.0,19.0,19.5,20.0,19.5,19.0,19.5,19.5,2.0,3.5,2.5,3.0,1.0,2.0,2.5,1.0,1.5
179,zai-org/GLM-4.5,20.0,18.5,17.0,19.0,17.5,15.0,18.0,18.5,19.5,19.0,17.0,18.5,19.0,2.0,3.0,4.0,3.5,1.0,2.5,1.5,1.0,3.0
180,zai-org/GLM-4.5,20.0,18.5,19.0,19.5,17.0,16.5,18.0,19.5,19.0,18.5,18.0,19.0,19.5,2.0,3.5,4.0,3.0,1.0,2.5,3.0,1.0,2.0
181,zai-org/GLM-4.5,20.0,18.5,19.0,19.5,18.0,16.5,19.0,19.5,19.0,18.5,17.5,19.5,19.0,3.0,4.5,3.5,5.0,2.0,3.0,4.0,1.0,2.5
182,zai-org/GLM-4.5,20.0,19.5,19.0,19.5,18.0,17.5,19.0,20.0,19.0,19.5,18.5,19.5,19.0,2.0,3.5,3.0,3.0,1.0,2.5,3.0,1.0,1.5
183,zai-org/GLM-4.5,20.0,19.5,18.0,19.0,20.0,18.5,19.0,18.5,20.0,19.5,19.0,20.0,19.5,1.0,1.0,2.0,3.0,0.5,2.5,1.5,1.0,1.0
184,zai-org/GLM-4.5,20.0,18.5,19.0,19.5,19.0,18.0,19.5,20.0,19.5,19.0,18.5,19.5,19.5,2.0,3.0,2.5,1.5,1.0,3.5,2.0,1.0,2.5
185,zai-org/GLM-4.5,20.0,18.5,19.0,19.5,19.0,18.0,18.5,19.5,19.0,19.5,18.5,19.0,19.5,2.0,1.5,3.0,2.5,1.0,3.5,3.0,1.0,2.0
186,zai-org/GLM-4.5,20.0,17.5,19.0,18.5,19.5,18.0,17.0,18.5,19.0,19.5,18.5,19.0,19.0,1.0,2.5,3.0,3.5,1.0,2.0,2.5,1.0,1.5
187,zai-org/GLM-4.5,20.0,18.5,19.0,19.5,19.0,18.0,19.0,19.5,20.0,19.5,18.5,20.0,19.5,1.0,2.5,3.0,1.5,0.5,2.0,1.0,0.5,1.0
188,zai-org/GLM-4.5,20.0,17.5,18.0,19.0,16.5,17.0,18.5,19.5,17.0,19.0,18.0,19.5,19.0,3.0,2.5,4.0,3.5,1.0,2.0,3.0,1.0,4.5
189,zai-org/GLM-4.5,20.0,17.5,15.0,19.0,18.5,16.0,14.0,16.5,19.5,18.0,17.0,19.0,18.5,2.0,3.5,4.0,3.0,1.0,2.5,2.0,1.0,5.0
190,zai-org/GLM-4.5,20.0,18.5,19.0,18.0,19.5,17.5,18.0,19.0,19.5,19.0,18.5,19.0,19.5,2.0,3.0,2.5,3.5,1.0,2.0,2.5,1.0,1.5
191,zai-org/GLM-4.5,20.0,18.5,19.0,19.5,19.0,17.5,18.0,19.5,19.0,19.5,18.5,19.0,19.5,2.0,3.0,4.0,3.5,1.0,2.5,2.0,1.0,2.5
192,moonshotai/Kimi-K2-Instruct,20.0,18.5,19.0,19.5,19.0,18.0,17.5,19.0,20.0,18.5,19.0,19.5,19.0,1.0,2.5,3.0,2.0,0.5,1.5,1.0,1.0,1.5
193,moonshotai/Kimi-K2-Instruct,20.0,18.5,19.0,19.5,20.0,19.0,19.5,20.0,19.5,18.0,19.0,20.0,19.5,1.0,2.5,1.5,1.0,0.5,2.0,1.0,1.0,1.5
194,moonshotai/Kimi-K2-Instruct,20.0,17.5,19.0,18.5,19.5,18.0,18.0,19.0,19.0,18.5,19.0,19.5,19.5,2.0,3.0,2.5,3.5,1.0,2.0,2.5,1.0,3.0
195,moonshotai/Kimi-K2-Instruct,20.0,17.5,18.0,19.0,18.5,17.0,16.5,17.5,19.5,18.0,18.5,19.0,19.0,2.0,3.0,2.5,3.5,1.0,2.0,1.5,1.0,2.5
196,moonshotai/Kimi-K2-Instruct,20.0,18.5,19.0,19.5,20.0,18.0,19.0,19.5,19.5,19.0,19.0,20.0,19.5,2.0,1.5,1.0,2.5,0.5,1.0,1.5,1.0,2.0
197,moonshotai/Kimi-K2-Instruct,20.0,16.5,17.0,19.5,18.0,15.5,16.0,14.5,18.5,19.0,18.0,19.5,19.0,3.0,2.5,3.5,4.0,1.5,2.0,3.0,1.0,2.5
198,moonshotai/Kimi-K2-Instruct,20.0,18.5,19.0,19.5,19.0,18.0,18.5,19.0,20.0,18.5,19.0,19.5,19.5,1.0,1.5,2.0,2.5,0.5,1.0,1.0,1.0,2.0
199,moonshotai/Kimi-K2-Instruct,20.0,18.5,19.0,19.5,20.0,19.0,18.0,19.5,19.0,19.5,19.0,20.0,19.5,1.0,2.5,1.5,2.0,0.5,1.0,1.5,0.5,1.0
200,moonshotai/Kimi-K2-Instruct,20.0,18.5,19.0,19.5,19.0,18.0,18.5,19.5,20.0,19.0,19.0,20.0,19.5,1.0,2.0,1.5,3.0,0.5,1.0,1.5,1.0,1.0
201,moonshotai/Kimi-K2-Instruct,20.0,17.5,18.0,19.0,19.5,18.5,18.0,19.0,19.5,19.0,19.0,19.5,19.5,2.0,3.0,2.5,1.5,1.0,2.0,2.5,1.0,3.0
202,moonshotai/Kimi-K2-Instruct,20.0,18.5,19.0,19.5,19.0,18.0,19.5,19.0,20.0,18.5,19.0,19.5,19.0,2.0,3.0,2.5,3.5,1.0,2.0,1.5,1.0,1.0
203,moonshotai/Kimi-K2-Instruct,20.0,18.5,19.0,19.5,19.0,18.0,17.5,18.5,19.0,19.5,18.5,19.0,19.5,2.0,3.0,2.5,3.5,1.0,2.0,1.5,1.0,2.5
204,moonshotai/Kimi-K2-Instruct,20.0,18.5,19.0,19.5,17.0,18.0,18.5,19.0,19.5,19.0,18.5,19.5,19.0,2.0,1.5,3.0,2.5,1.0,1.5,1.0,1.0,1.5
205,moonshotai/Kimi-K2-Instruct,20.0,18.5,19.0,19.5,18.0,17.5,18.5,18.0,19.0,17.0,19.0,19.5,19.0,2.0,1.5,1.0,3.0,1.0,1.5,1.0,1.0,2.5
206,moonshotai/Kimi-K2-Instruct,20.0,16.5,17.0,18.5,19.0,18.0,19.5,19.0,19.5,19.0,18.5,20.0,19.5,2.0,3.0,1.5,3.5,1.0,2.5,2.0,1.0,1.5
207,moonshotai/Kimi-K2-Instruct,20.0,18.5,19.0,19.5,19.0,18.0,18.5,19.0,19.5,19.0,19.0,19.5,19.5,2.0,1.5,2.5,3.0,1.0,3.5,2.0,1.0,2.5
208,moonshotai/Kimi-K2-Instruct,20.0,16.5,17.0,19.0,19.5,17.5,18.0,18.5,19.0,19.5,18.5,19.0,19.5,2.0,3.5,3.0,2.5,1.0,2.0,3.0,1.0,2.5
209,moonshotai/Kimi-K2-Instruct,20.0,18.5,19.0,19.5,20.0,18.0,18.5,19.5,19.0,19.0,19.5,20.0,19.5,2.0,1.5,1.0,1.0,0.5,2.5,1.5,1.0,1.0
210,moonshotai/Kimi-K2-Instruct,20.0,18.5,19.0,19.5,20.0,19.0,18.0,19.5,19.5,19.0,19.0,20.0,19.5,2.0,3.0,1.5,1.0,0.5,2.5,1.0,1.0,1.0
211,moonshotai/Kimi-K2-Instruct,20.0,18.5,19.0,19.5,19.0,17.5,19.5,19.0,20.0,19.5,18.0,19.0,19.5,1.0,1.5,2.0,2.5,0.5,1.0,1.0,1.0,1.5
212,moonshotai/Kimi-K2-Instruct,20.0,18.5,19.0,20.0,19.5,18.0,18.5,19.0,19.5,18.0,18.5,20.0,19.5,2.0,3.0,1.5,1.0,0.5,2.5,1.5,1.0,1.0
213,moonshotai/Kimi-K2-Instruct,20.0,18.5,19.0,19.5,19.0,18.0,19.5,19.0,19.5,18.5,18.0,19.0,19.5,2.0,3.5,1.5,2.5,1.0,1.5,2.0,1.0,2.5
214,moonshotai/Kimi-K2-Instruct,20.0,18.5,19.0,19.5,18.0,17.5,19.0,20.0,19.5,18.5,18.0,19.5,19.0,2.0,3.0,2.5,3.5,1.0,3.0,2.5,1.5,2.0
215,moonshotai/Kimi-K2-Instruct,20.0,19.5,18.0,19.0,20.0,19.5,17.5,18.5,19.0,19.5,19.0,20.0,19.5,1.0,0.5,1.5,2.0,0.5,1.0,1.0,0.5,0.5
216,moonshotai/Kimi-K2-Instruct,20.0,18.5,19.0,19.5,20.0,19.0,19.5,20.0,19.5,19.0,19.0,20.0,19.5,1.0,2.5,1.5,1.0,0.5,2.0,1.5,1.0,1.5
217,moonshotai/Kimi-K2-Instruct,20.0,17.5,19.0,19.5,19.0,18.5,17.0,18.0,19.0,19.5,18.0,19.5,19.0,2.0,3.0,1.5,1.0,0.5,2.5,1.5,1.0,1.0
218,moonshotai/Kimi-K2-Instruct,20.0,17.5,19.0,19.5,20.0,19.0,18.5,19.5,19.0,19.5,19.0,20.0,19.5,1.0,2.0,1.5,2.5,0.5,3.0,2.0,1.0,3.5
219,moonshotai/Kimi-K2-Instruct,20.0,18.5,19.0,19.5,19.0,17.5,18.0,18.5,19.5,19.0,18.5,20.0,19.5,1.0,2.5,1.5,2.0,0.5,3.0,1.0,1.0,1.5
220,moonshotai/Kimi-K2-Instruct,19.5,17.0,16.5,19.0,17.5,16.0,18.0,17.5,18.5,19.5,18.0,19.0,19.0,2.0,3.0,4.0,3.5,1.0,2.5,3.0,1.0,2.5
221,moonshotai/Kimi-K2-Instruct,20.0,16.5,14.0,19.5,18.0,17.5,15.0,16.0,19.0,19.5,18.5,19.0,19.5,2.0,1.0,3.0,3.5,1.0,2.5,3.0,1.0,2.0
222,moonshotai/Kimi-K2-Instruct,20.0,18.5,19.0,19.5,20.0,19.0,18.0,19.5,19.5,18.5,19.0,19.5,19.5,2.0,3.0,1.5,2.5,1.0,2.0,1.5,1.0,1.5
223,moonshotai/Kimi-K2-Instruct,20.0,18.5,19.0,19.5,20.0,18.0,17.5,19.0,19.5,19.0,18.5,20.0,19.5,1.0,2.5,1.5,1.0,0.5,2.0,1.5,1.0,3.0
224,moonshotai/Kimi-K2-Instruct,20.0,18.5,19.0,19.5,19.0,18.0,18.5,19.5,19.0,19.5,18.5,19.0,19.5,2.0,3.0,2.5,1.5,1.0,3.5,2.0,1.0,1.5
225,moonshotai/Kimi-K2-Instruct,20.0,18.5,19.0,19.5,20.0,18.0,19.0,19.5,19.0,18.5,19.0,20.0,19.5,2.0,3.0,1.5,1.0,0.5,2.5,1.0,1.0,1.5
226,moonshotai/Kimi-K2-Instruct,20.0,17.5,18.0,19.0,19.5,18.5,18.0,17.0,19.0,18.5,19.0,19.5,19.0,2.0,3.0,2.5,3.5,1.0,2.0,1.5,1.0,3.0
227,moonshotai/Kimi-K2-Instruct,20.0,17.5,18.0,19.0,18.5,17.0,17.5,18.5,19.5,18.0,18.5,19.0,18.5,2.0,3.0,4.0,3.5,1.0,2.5,2.0,1.0,2.5
228,moonshotai/Kimi-K2-Instruct,20.0,18.5,19.0,19.5,19.0,18.0,19.5,19.0,19.5,18.5,19.0,20.0,19.5,2.0,3.0,2.5,3.5,1.0,2.0,1.5,1.0,3.0
229,moonshotai/Kimi-K2-Instruct,20.0,16.5,18.0,19.5,19.0,17.5,16.0,17.0,18.5,19.0,18.0,19.5,19.0,3.0,2.5,3.5,2.0,1.0,2.5,3.0,1.5,2.5
230,moonshotai/Kimi-K2-Instruct,20.0,18.5,19.0,19.5,18.0,17.5,18.5,19.0,19.5,18.0,18.5,19.0,19.5,2.0,1.5,2.5,3.0,1.0,2.0,1.5,1.0,2.5
231,moonshotai/Kimi-K2-Instruct,20.0,18.5,19.0,19.5,20.0,19.0,18.0,19.5,19.5,19.0,18.5,20.0,19.5,1.0,2.5,1.5,2.0,0.5,3.0,1.0,0.5,1.0
232,moonshotai/Kimi-K2-Instruct,20.0,19.5,19.0,20.0,19.5,18.5,18.0,19.0,20.0,19.5,19.0,20.0,19.5,1.0,1.5,2.0,2.5,0.5,1.0,1.5,0.5,1.0
233,moonshotai/Kimi-K2-Instruct,20.0,17.5,18.0,19.0,19.5,18.5,18.0,19.0,19.5,19.0,18.5,19.5,19.0,2.0,3.0,1.5,1.0,0.5,2.5,1.5,0.5,1.0
234,moonshotai/Kimi-K2-Instruct,20.0,18.5,19.0,19.5,19.0,18.0,19.5,20.0,19.5,19.0,18.5,20.0,19.5,1.0,2.5,3.0,2.0,1.0,2.5,1.5,1.0,1.0
235,moonshotai/Kimi-K2-Instruct,20.0,18.5,19.0,19.5,19.0,18.0,17.5,19.0,19.5,19.0,18.5,19.5,19.0,2.0,3.0,1.5,2.5,1.0,3.5,2.0,1.0,1.5
236,moonshotai/Kimi-K2-Instruct,20.0,18.5,19.0,19.5,18.0,17.5,18.5,19.0,19.5,19.0,18.5,19.5,19.0,2.0,1.5,3.0,2.5,1.0,1.5,1.0,1.0,1.5
237,moonshotai/Kimi-K2-Instruct,20.0,18.5,19.0,19.5,18.0,17.5,18.5,18.0,19.0,17.0,19.0,19.5,19.0,2.0,1.5,1.0,3.0,1.0,2.5,1.5,1.0,2.0
238,moonshotai/Kimi-K2-Instruct,20.0,17.5,16.0,18.5,18.0,17.0,19.0,18.5,19.5,19.0,18.0,19.5,19.0,2.0,3.0,4.0,3.5,1.0,2.5,2.0,1.0,3.0
239,moonshotai/Kimi-K2-Instruct,20.0,17.5,19.0,19.5,19.0,18.5,18.0,19.5,19.0,18.5,19.0,19.5,19.0,2.0,3.0,2.5,1.5,1.0,3.5,2.0,1.0,2.5
240,moonshotai/Kimi-K2-Instruct,20.0,16.5,17.0,19.0,19.5,17.5,18.0,18.5,19.0,19.5,18.5,19.0,19.0,3.0,4.5,3.5,5.0,2.0,3.0,3.5,1.0,4.0
241,moonshotai/Kimi-K2-Instruct,20.0,18.5,19.0,19.5,19.0,18.0,18.5,19.5,19.0,19.5,19.0,20.0,19.5,2.0,1.5,1.0,2.5,0.5,1.0,1.5,1.0,1.0
242,moonshotai/Kimi-K2-Instruct,20.0,18.5,19.0,19.5,20.0,19.0,18.0,19.5,19.5,19.0,19.0,19.5,19.5,2.0,3.0,1.5,2.5,1.0,3.5,2.0,1.0,1.5
243,moonshotai/Kimi-K2-Instruct,20.0,18.5,19.0,19.5,19.0,17.5,18.0,19.5,19.0,18.5,18.0,19.5,19.0,2.0,1.5,3.0,2.5,1.0,2.0,1.5,1.0,1.5
244,moonshotai/Kimi-K2-Instruct,20.0,18.5,19.0,19.5,18.0,17.5,16.0,18.5,19.0,18.0,18.5,19.5,19.0,2.0,3.0,2.5,3.5,1.0,2.0,2.5,1.0,1.5
245,moonshotai/Kimi-K2-Instruct,20.0,18.5,19.0,19.5,17.0,16.0,18.0,19.5,19.0,18.5,18.0,19.0,19.5,3.0,2.5,3.5,4.0,1.5,2.0,3.0,1.0,2.5
246,moonshotai/Kimi-K2-Instruct,20.0,18.5,19.0,19.5,19.0,18.0,19.5,20.0,19.0,19.5,18.5,20.0,19.5,2.0,3.0,1.5,1.0,0.5,2.5,1.5,1.0,2.0
247,moonshotai/Kimi-K2-Instruct,20.0,19.5,18.0,19.0,20.0,19.5,18.5,17.5,20.0,19.0,19.5,20.0,19.5,1.0,1.0,2.0,3.0,0.5,2.5,1.5,1.0,1.0
248,moonshotai/Kimi-K2-Instruct,20.0,18.5,19.0,19.5,20.0,18.0,18.5,19.0,19.5,19.0,18.5,20.0,19.5,1.0,2.5,1.5,1.0,0.5,2.0,1.5,1.0,1.0
249,moonshotai/Kimi-K2-Instruct,20.0,18.5,19.0,19.5,19.0,18.0,17.5,19.0,18.5,19.5,18.0,19.0,19.5,2.0,1.5,1.0,1.0,0.5,2.5,1.5,1.0,1.0
250,moonshotai/Kimi-K2-Instruct,20.0,18.5,19.0,19.5,20.0,19.0,17.5,19.5,19.0,18.0,19.5,20.0,19.5,1.0,1.5,2.0,2.5,0.5,3.0,2.0,1.0,1.0
251,moonshotai/Kimi-K2-Instruct,20.0,18.5,19.0,19.5,19.0,17.5,18.0,18.5,19.5,19.0,18.5,19.5,19.0,1.0,2.5,3.0,2.0,1.0,2.0,1.5,1.0,1.5
252,moonshotai/Kimi-K2-Instruct,20.0,17.5,16.0,19.0,18.5,17.0,18.0,19.5,18.0,19.0,18.5,20.0,19.5,2.0,1.0,3.0,1.5,0.5,2.5,3.5,0.5,2.0
253,moonshotai/Kimi-K2-Instruct,18.5,15.0,12.0,19.0,17.5,16.0,14.0,15.5,18.0,19.5,17.0,19.0,19.5,2.0,1.0,3.0,4.0,1.0,2.5,3.5,1.0,2.0
254,moonshotai/Kimi-K2-Instruct,20.0,17.5,19.0,19.5,20.0,19.0,17.0,18.5,19.5,18.0,19.0,19.5,19.5,2.0,3.0,1.5,1.0,0.5,2.5,1.5,1.0,1.0
255,moonshotai/Kimi-K2-Instruct,20.0,18.5,19.0,19.5,19.0,18.0,18.5,19.0,20.0,19.5,18.5,19.0,19.5,1.5,2.0,3.0,2.5,1.0,1.5,1.0,1.0,2.5
256,moonshotai/Kimi-K2-Instruct,20.0,18.5,19.0,19.5,19.0,18.0,17.5,19.0,20.0,19.5,18.5,19.0,19.5,1.0,2.5,3.0,2.0,0.5,3.5,1.5,1.0,2.0
257,moonshotai/Kimi-K2-Instruct,20.0,18.5,19.0,19.5,20.0,19.0,19.5,19.5,20.0,18.0,19.0,20.0,19.5,1.0,2.5,1.5,2.0,0.5,1.0,1.5,1.0,1.0
258,moonshotai/Kimi-K2-Instruct,20.0,18.5,19.0,19.5,19.0,18.0,18.5,19.0,19.5,19.0,18.5,19.5,19.5,1.0,2.0,1.5,2.5,0.5,1.0,1.5,1.0,2.0
259,moonshotai/Kimi-K2-Instruct,20.0,17.5,18.0,19.0,19.5,18.5,16.0,17.0,19.0,18.5,18.0,19.5,19.0,2.0,3.0,2.5,1.5,1.0,2.0,1.5,1.0,1.0
260,moonshotai/Kimi-K2-Instruct,20.0,18.5,19.0,19.5,19.0,17.5,19.0,19.5,19.0,18.5,19.5,20.0,19.5,2.0,1.5,3.0,3.5,1.0,2.5,1.5,1.0,2.0
261,moonshotai/Kimi-K2-Instruct,20.0,14.5,17.0,19.5,18.0,16.5,15.0,16.0,17.5,19.0,18.5,19.5,19.0,3.0,2.5,1.5,1.0,0.5,2.0,1.5,1.0,1.0
262,moonshotai/Kimi-K2-Instruct,20.0,18.5,19.0,19.5,18.0,17.5,18.5,19.0,19.5,18.0,18.5,19.0,19.5,2.0,1.5,3.0,3.5,1.0,2.5,1.5,1.0,2.5
263,moonshotai/Kimi-K2-Instruct,20.0,18.5,19.0,19.5,20.0,19.0,18.0,19.5,19.5,19.0,19.0,20.0,19.5,1.0,2.5,1.5,1.0,0.5,2.0,1.5,0.5,1.0
264,moonshotai/Kimi-K2-Instruct,20.0,18.5,19.0,19.5,19.0,17.5,18.0,19.5,20.0,19.0,18.5,19.5,19.0,1.0,2.5,3.0,3.5,1.0,2.0,1.5,1.0,1.0
265,moonshotai/Kimi-K2-Instruct,20.0,17.5,16.0,19.0,19.5,18.5,18.0,17.0,19.0,19.5,18.5,19.0,19.0,2.0,3.0,4.0,3.5,1.0,2.5,2.0,1.0,2.5
266,moonshotai/Kimi-K2-Instruct,20.0,18.5,19.0,19.5,19.0,18.0,19.5,20.0,19.5,19.0,18.5,20.0,19.5,2.0,3.0,2.5,1.5,1.0,3.5,2.0,1.0,1.5
267,moonshotai/Kimi-K2-Instruct,20.0,18.5,19.0,19.5,20.0,19.0,18.0,19.5,19.0,19.5,19.0,19.5,19.5,2.0,3.0,1.5,2.5,1.0,1.5,1.0,1.0,1.5
268,moonshotai/Kimi-K2-Instruct,20.0,18.5,19.0,19.5,18.0,18.5,19.0,19.5,19.0,19.5,19.0,20.0,19.5,2.0,1.5,3.0,1.0,0.5,2.5,1.0,1.5,1.0
269,moonshotai/Kimi-K2-Instruct,20.0,18.5,19.0,19.5,18.0,17.5,18.5,18.0,19.0,17.0,18.5,19.5,19.0,2.0,1.5,3.0,3.5,1.0,2.5,1.5,1.0,2.5
270,moonshotai/Kimi-K2-Instruct,20.0,17.5,18.0,19.0,18.5,17.0,19.5,19.0,19.5,19.0,18.5,20.0,19.5,1.0,2.5,3.0,2.0,1.0,1.5,2.0,1.0,3.5
271,moonshotai/Kimi-K2-Instruct,20.0,17.5,19.0,19.5,20.0,19.0,18.5,19.5,19.0,19.5,19.0,20.0,19.5,2.0,1.5,1.0,2.5,0.5,3.0,2.0,1.0,1.5
272,moonshotai/Kimi-K2-Instruct,20.0,17.5,18.0,19.0,19.5,18.5,19.0,19.5,19.0,19.5,18.5,20.0,19.5,2.0,3.5,1.5,1.0,0.5,2.5,1.0,1.0,1.5
273,moonshotai/Kimi-K2-Instruct,20.0,18.5,19.0,19.5,20.0,18.0,18.5,19.0,19.5,19.0,19.0,20.0,19.5,2.0,1.5,1.0,1.0,0.5,2.5,1.5,1.0,1.0
274,moonshotai/Kimi-K2-Instruct,20.0,18.5,19.0,19.5,20.0,19.0,19.5,20.0,19.5,19.0,19.5,20.0,19.5,2.0,3.0,1.5,1.0,0.5,1.0,1.5,0.5,1.0
275,moonshotai/Kimi-K2-Instruct,20.0,17.5,18.0,19.0,18.5,16.0,19.5,19.0,19.5,18.0,18.5,19.0,19.5,2.0,1.0,3.0,3.5,1.0,2.5,1.5,1.0,2.0
276,moonshotai/Kimi-K2-Instruct,20.0,18.5,19.0,19.5,18.0,17.5,18.5,19.0,19.5,18.0,18.5,19.0,19.5,2.0,3.0,1.5,1.0,0.5,2.5,1.0,1.5,2.0
277,moonshotai/Kimi-K2-Instruct,20.0,18.5,19.0,19.5,19.0,18.0,19.5,19.0,19.5,18.5,18.0,19.0,19.5,2.0,3.0,1.5,3.5,1.0,2.5,2.0,1.0,3.0
278,moonshotai/Kimi-K2-Instruct,20.0,18.5,19.0,19.5,19.0,18.0,19.5,20.0,19.0,19.5,18.5,20.0,19.5,2.0,3.0,1.5,1.0,0.5,2.5,1.0,1.5,2.0
279,moonshotai/Kimi-K2-Instruct,20.0,19.5,18.0,19.0,20.0,19.5,17.5,18.5,20.0,19.0,19.0,20.0,19.5,1.0,0.5,1.5,2.0,0.5,2.5,1.0,0.5,1.0
280,moonshotai/Kimi-K2-Instruct,20.0,18.5,19.0,19.5,19.0,18.0,19.5,19.0,20.0,18.5,19.0,19.5,19.5,1.0,2.5,3.0,2.0,1.0,2.0,1.5,1.0,2.5
281,moonshotai/Kimi-K2-Instruct,20.0,17.5,19.0,19.5,19.0,18.5,18.0,19.5,19.0,19.5,18.5,19.0,19.5,2.0,3.0,2.5,3.5,1.0,3.0,2.5,1.0,1.5
282,moonshotai/Kimi-K2-Instruct,20.0,18.5,19.0,19.5,20.0,19.0,18.0,19.5,19.5,19.0,19.0,20.0,19.5,1.0,1.5,1.0,2.0,0.5,2.5,1.5,0.5,1.0
283,moonshotai/Kimi-K2-Instruct,20.0,18.5,19.0,19.5,19.0,18.0,18.5,19.0,19.5,19.0,18.5,20.0,19.5,1.0,2.0,1.5,2.5,0.5,1.0,1.5,0.5,1.0
284,moonshotai/Kimi-K2-Instruct,20.0,17.5,18.0,19.5,18.5,17.0,16.0,18.5,19.0,19.5,18.0,20.0,19.5,2.0,1.0,3.0,1.5,0.5,2.5,3.5,1.0,2.0
285,moonshotai/Kimi-K2-Instruct,19.5,14.0,16.5,19.0,17.5,16.0,15.0,17.0,18.5,19.5,17.0,19.0,19.5,2.0,3.0,4.0,3.0,1.0,2.5,3.5,1.0,2.5
286,moonshotai/Kimi-K2-Instruct,20.0,17.5,19.0,18.5,19.5,18.0,16.0,18.0,19.0,18.5,18.5,19.0,19.5,2.0,3.0,2.5,3.5,1.0,2.0,1.5,1.0,1.5
287,moonshotai/Kimi-K2-Instruct,20.0,18.5,19.0,19.5,20.0,18.0,19.0,19.5,19.0,19.5,18.5,20.0,19.5,1.0,1.5,2.0,1.0,0.5,2.5,1.5,1.0,3.0
288,claude-opus-4,20.0,17.5,16.0,18.5,17.0,16.5,15.0,17.0,19.0,18.0,18.0,18.5,18.0,2.0,3.0,4.0,5.0,1.0,2.0,3.0,1.0,2.0
289,claude-opus-4,20.0,18.5,19.0,18.0,19.5,17.5,18.0,19.0,19.5,18.5,18.5,19.0,19.0,2.0,3.0,2.5,3.5,1.0,2.0,1.5,1.0,2.5
290,claude-opus-4,20.0,17.5,18.0,19.0,18.5,17.0,18.0,17.5,19.5,18.5,19.0,19.0,19.0,2.0,3.0,4.0,3.0,1.0,2.5,2.0,1.0,4.0
291,claude-opus-4,20.0,17.5,18.0,19.0,18.5,17.0,18.5,19.0,19.5,18.0,18.5,19.0,19.0,2.0,3.0,2.5,3.5,1.0,2.0,1.5,1.0,2.0
292,claude-opus-4,20.0,17.5,18.0,19.0,18.5,16.0,19.5,19.0,19.5,18.0,18.5,19.0,19.0,2.0,3.0,4.0,3.5,1.0,2.5,1.5,1.0,2.5
293,claude-opus-4,20.0,17.5,16.0,19.0,18.5,17.0,15.5,14.0,19.5,18.0,18.0,19.0,18.5,3.0,4.5,3.5,5.0,2.0,2.5,3.0,2.0,1.0
294,claude-opus-4,20.0,18.5,19.0,18.0,17.5,17.0,18.5,19.5,19.0,18.0,18.5,19.5,19.0,2.0,1.5,3.0,3.5,1.0,2.5,1.5,1.0,2.5
295,claude-opus-4,20.0,17.5,18.0,19.0,19.5,18.5,17.0,18.5,19.0,19.0,18.0,19.5,19.0,2.0,3.0,4.0,3.5,1.0,2.5,3.0,1.0,2.5
296,claude-opus-4,20.0,18.5,19.0,19.5,18.0,16.5,18.5,19.0,19.5,19.0,18.0,19.5,19.0,2.0,3.0,4.0,3.5,1.0,2.5,2.0,1.0,3.0
297,claude-opus-4,20.0,17.5,16.0,19.0,19.5,18.5,18.0,17.0,19.0,19.5,18.5,19.0,19.0,2.0,3.0,2.5,3.5,1.0,2.0,2.5,1.0,1.5
298,claude-opus-4,20.0,18.5,19.0,19.5,19.0,18.0,19.5,20.0,19.5,19.0,18.5,19.5,19.0,2.0,3.0,2.5,3.5,1.0,2.0,2.5,1.0,1.5
299,claude-opus-4,20.0,18.5,17.0,19.0,19.5,17.5,18.0,19.0,19.5,19.0,18.5,19.0,19.5,2.0,3.0,2.5,3.5,1.0,2.0,1.5,1.0,2.5
300,claude-opus-4,20.0,18.5,17.0,19.5,16.0,17.5,18.0,16.5,19.0,19.5,18.5,19.0,19.5,2.0,3.0,4.0,3.5,1.0,2.5,1.5,1.0,1.0
301,claude-opus-4,20.0,18.5,19.0,18.0,17.5,16.0,18.5,17.0,19.5,17.5,18.0,19.0,18.5,2.0,3.0,2.5,4.0,1.5,2.0,1.0,1.0,3.5
302,claude-opus-4,20.0,14.5,16.0,17.5,17.0,15.5,18.0,18.5,19.0,19.5,17.0,19.0,19.5,2.0,3.5,4.0,5.0,1.0,2.5,3.0,1.0,2.5
303,claude-opus-4,20.0,17.5,19.0,18.5,19.5,18.0,18.0,19.0,19.5,19.0,18.5,19.0,19.5,2.0,3.0,2.5,3.5,1.0,2.0,2.5,1.0,2.0
304,claude-opus-4,20.0,16.5,17.0,18.5,18.0,17.5,17.0,18.0,19.0,19.5,18.5,19.0,19.0,2.0,3.0,4.0,3.5,1.0,2.5,2.0,1.0,3.0
305,claude-opus-4,20.0,18.5,19.0,19.5,18.0,17.5,17.0,18.5,19.0,19.5,18.5,19.0,19.5,2.0,1.5,2.5,3.0,1.0,2.0,1.5,1.0,1.5
306,claude-opus-4,20.0,17.5,16.0,19.0,18.5,17.0,18.0,17.5,19.5,19.0,18.0,19.0,18.5,2.0,3.5,4.0,3.0,1.0,2.5,1.5,1.0,1.0
307,claude-opus-4,20.0,18.5,17.0,19.0,17.5,16.0,18.0,17.5,19.5,18.5,18.0,19.0,19.5,2.0,3.0,4.0,3.5,1.0,2.5,1.5,1.0,2.0
308,claude-opus-4,20.0,18.5,19.0,19.5,17.0,17.5,18.0,19.0,19.5,18.5,18.0,19.0,19.5,2.0,1.5,3.0,2.5,1.0,1.5,1.0,1.0,3.5
309,claude-opus-4,20.0,17.5,19.0,19.5,17.0,16.0,18.5,19.0,18.0,18.5,17.5,19.0,18.5,3.0,2.5,3.5,4.0,1.5,2.0,3.0,1.0,2.5
310,claude-opus-4,20.0,18.5,19.0,19.5,17.0,16.5,19.0,20.0,19.5,18.0,18.5,19.5,19.0,2.0,3.5,4.0,3.0,1.5,2.5,3.0,1.0,2.5
311,claude-opus-4,20.0,18.5,16.0,18.0,19.0,17.5,15.0,17.0,19.5,18.0,18.5,19.0,18.5,2.0,4.0,3.0,5.0,1.0,2.5,1.5,1.0,1.0
312,claude-opus-4,20.0,18.5,19.0,19.5,18.0,17.5,19.0,19.5,19.0,18.5,18.0,19.5,19.0,2.0,3.5,2.5,3.0,1.0,2.0,2.5,1.0,2.0
313,claude-opus-4,20.0,18.5,19.0,19.5,19.0,18.0,17.5,18.5,19.0,19.5,18.5,19.0,19.5,2.0,1.5,1.0,2.5,0.5,3.0,1.5,1.0,1.0
314,claude-opus-4,20.0,17.5,18.5,19.0,19.5,18.0,17.0,18.0,19.0,19.5,18.5,19.0,19.0,2.0,3.0,2.5,4.0,1.0,3.5,3.0,1.0,2.0
315,claude-opus-4,20.0,17.5,18.0,18.5,19.0,17.0,16.5,18.5,19.5,19.0,18.0,19.5,19.0,1.0,2.5,3.0,2.0,1.0,2.0,1.5,1.0,1.5
316,claude-opus-4,20.0,17.5,18.0,19.0,16.5,17.0,18.5,19.5,18.0,19.0,18.5,19.5,19.0,3.0,2.0,4.0,2.5,1.0,3.5,4.5,1.0,3.0
317,claude-opus-4,19.5,14.0,12.5,19.0,17.5,16.0,13.0,15.5,18.5,19.5,17.0,19.0,18.5,2.0,3.5,4.0,3.0,1.5,2.5,3.0,1.0,2.0
318,claude-opus-4,20.0,18.5,19.0,19.5,19.0,19.5,17.0,18.0,19.0,18.5,19.0,19.5,19.0,2.0,3.0,1.5,2.5,1.0,3.5,2.0,1.0,1.5
319,claude-opus-4,20.0,18.5,19.0,19.5,18.0,17.5,18.5,19.0,19.5,19.0,18.0,19.0,19.5,2.0,3.0,2.5,3.5,1.0,2.0,1.5,1.0,2.5
320,claude-opus-4,20.0,17.5,18.0,19.0,18.5,18.0,16.5,18.5,19.5,19.0,18.5,19.0,19.5,1.5,2.0,3.0,3.5,1.0,2.5,1.5,1.0,1.0
321,claude-opus-4,20.0,18.5,19.0,18.0,19.5,17.5,19.0,19.5,19.0,18.5,18.0,19.5,19.0,2.0,3.0,2.5,3.5,1.0,2.0,1.5,1.0,3.0
322,claude-opus-4,20.0,17.5,18.0,18.5,19.0,17.0,18.0,19.0,19.5,18.5,18.0,19.0,19.5,2.0,3.0,2.5,3.5,1.0,2.0,1.5,1.0,3.0
323,claude-opus-4,20.0,18.5,19.0,19.5,18.0,17.5,18.5,19.0,19.5,19.0,18.5,19.5,19.0,2.0,3.0,2.5,3.5,1.0,2.0,1.5,1.0,1.5
324,claude-opus-4,20.0,18.5,19.0,18.0,17.5,16.0,19.5,19.0,19.0,18.5,18.0,19.0,19.5,2.0,3.0,4.0,3.0,1.0,2.0,1.0,1.0,2.0
325,claude-opus-4,20.0,15.5,16.0,18.5,17.0,14.0,15.0,14.5,18.0,19.0,17.5,18.5,18.0,2.5,3.0,4.0,5.0,1.5,2.0,1.0,3.5,1.0
326,claude-opus-4,20.0,18.5,19.0,18.0,17.5,17.0,18.5,19.5,19.0,18.0,18.5,19.5,19.0,2.0,1.5,3.0,2.5,1.0,1.5,1.0,1.0,3.5
327,claude-opus-4,20.0,17.5,18.0,19.0,19.5,18.5,17.0,18.5,19.0,19.5,18.0,19.0,19.0,1.0,3.0,2.5,3.5,1.0,2.0,1.5,1.0,1.0
328,claude-opus-4,20.0,18.5,19.0,19.5,18.0,17.5,18.5,19.0,19.5,19.0,18.5,19.5,19.0,1.0,2.5,3.0,3.5,1.0,2.0,1.5,1.0,2.0
329,claude-opus-4,20.0,17.5,16.0,19.0,18.5,17.0,18.0,17.5,19.5,19.0,18.0,19.5,19.0,2.0,3.0,4.0,3.5,1.0,2.5,3.0,1.0,2.0
330,claude-opus-4,20.0,18.5,19.0,18.0,19.5,17.5,19.0,19.5,19.0,18.5,18.0,19.5,19.0,2.0,3.0,2.5,3.5,1.0,2.0,2.5,1.0,3.0
331,claude-opus-4,20.0,17.5,18.0,19.0,18.5,17.0,18.0,19.5,19.0,19.5,18.5,19.0,19.0,2.0,3.0,4.0,3.0,1.0,2.5,2.0,1.0,2.5
332,claude-opus-4,20.0,18.5,17.0,19.0,16.5,17.5,18.0,17.5,19.5,19.0,18.5,19.5,19.0,2.0,3.0,2.5,3.5,1.0,1.5,1.0,1.0,1.5
333,claude-opus-4,20.0,18.5,19.0,18.0,17.5,16.5,18.0,18.5,19.5,17.0,18.5,19.0,19.0,2.0,3.0,2.5,3.5,1.0,2.0,1.5,1.0,3.0
334,claude-opus-4,20.0,16.5,17.0,18.5,16.0,15.5,18.0,19.0,19.5,18.0,17.5,19.0,18.5,2.0,3.5,4.0,5.0,1.0,2.5,3.0,1.5,2.0
335,claude-opus-4,20.0,17.5,19.0,18.5,19.5,18.0,18.0,19.0,19.0,18.5,18.5,19.5,19.0,2.0,3.0,2.5,3.5,1.0,2.0,2.5,1.0,3.0
336,claude-opus-4,20.0,16.5,17.0,18.5,18.0,17.5,18.0,19.0,19.5,19.0,18.5,19.5,19.0,2.0,3.5,4.0,3.0,1.0,2.5,2.0,1.0,2.5
337,claude-opus-4,20.0,17.5,19.0,19.5,18.0,17.0,18.5,19.0,19.0,19.5,18.5,19.0,19.5,2.0,1.5,3.0,3.5,1.0,2.5,2.0,1.0,1.5
338,claude-opus-4,20.0,18.5,19.0,19.5,19.0,18.0,19.5,19.0,20.0,19.5,18.5,19.0,19.5,1.0,2.5,3.0,2.0,1.0,1.5,1.0,1.0,1.5
339,claude-opus-4,20.0,18.5,17.0,19.0,17.5,16.0,18.0,18.5,19.5,19.0,18.0,19.0,19.5,2.0,1.5,3.0,4.0,1.0,1.0,1.5,3.5,2.5
340,claude-opus-4,20.0,18.5,19.0,19.5,17.0,16.5,17.5,18.0,19.0,18.5,18.0,19.5,19.0,2.0,3.0,4.0,2.5,1.0,1.5,2.0,1.0,3.0
341,claude-opus-4,20.0,18.5,19.0,19.5,17.0,16.5,18.0,19.0,19.0,18.5,18.0,19.5,19.0,3.0,2.5,3.5,2.0,1.5,2.5,3.0,1.0,2.5
342,claude-opus-4,20.0,17.5,19.0,19.5,17.0,16.0,19.0,20.0,18.5,19.5,18.0,19.5,19.0,3.0,2.5,4.0,3.5,1.0,2.0,3.0,1.0,2.5
343,claude-opus-4,20.0,18.5,16.0,19.0,18.0,17.5,16.5,15.0,19.5,18.0,18.5,19.0,18.5,1.5,3.0,2.5,4.0,1.0,2.0,1.5,1.0,1.0
344,claude-opus-4,20.0,18.5,19.0,18.0,19.5,17.5,18.0,19.0,19.5,18.5,18.5,19.0,19.0,2.0,3.0,2.5,3.5,1.0,2.0,1.5,1.0,3.0
345,claude-opus-4,20.0,17.5,18.0,19.0,18.5,17.0,16.5,17.5,19.5,18.0,18.5,19.0,19.5,2.0,3.5,2.5,3.0,1.0,2.0,3.0,1.0,2.5
346,claude-opus-4,20.0,18.5,19.0,19.5,19.0,18.0,17.5,18.5,19.5,19.0,18.5,19.0,19.5,2.0,1.5,3.0,2.5,1.0,3.5,2.0,1.0,1.5
347,claude-opus-4,20.0,17.5,18.0,18.5,17.0,15.5,17.0,18.5,19.0,19.5,18.0,19.0,19.0,2.0,3.0,4.0,3.5,1.0,2.5,2.0,1.0,2.5
348,claude-opus-4,19.5,17.0,16.5,18.0,15.5,14.0,17.5,18.5,17.0,19.0,16.0,19.5,19.0,2.0,3.5,4.0,3.0,1.5,2.5,3.0,1.0,2.5
349,claude-opus-4,19.5,15.0,16.0,19.0,14.5,16.5,13.0,17.5,19.5,18.0,17.0,19.0,18.5,2.0,1.5,3.0,4.0,1.0,1.5,2.5,1.0,1.5
350,claude-opus-4,20.0,17.5,19.0,18.5,19.5,18.0,16.0,18.5,19.0,17.0,18.5,19.0,19.5,2.0,3.0,2.5,3.5,1.0,2.0,2.5,1.0,1.5
351,claude-opus-4,20.0,18.5,17.0,19.0,18.0,16.5,17.5,18.0,19.5,19.0,18.5,19.0,18.5,2.0,3.0,2.5,3.5,1.0,2.0,1.5,1.0,2.5
352,claude-opus-4,20.0,17.5,18.0,19.0,18.5,18.0,16.5,17.0,19.5,18.5,19.0,19.0,19.0,2.0,3.0,4.0,3.5,1.0,2.5,2.0,1.0,2.5
353,claude-opus-4,20.0,18.5,19.0,19.5,19.0,18.0,19.5,19.0,20.0,18.5,19.0,19.5,19.0,2.0,3.0,2.5,3.5,1.0,2.0,1.5,1.0,2.5
354,claude-opus-4,20.0,17.5,18.0,18.5,19.0,17.0,18.5,19.0,19.5,18.0,18.5,19.0,19.5,2.0,3.0,2.5,3.5,1.0,2.0,1.5,1.0,3.0
355,claude-opus-4,20.0,17.5,18.0,19.0,18.5,17.0,16.5,17.5,19.5,18.0,18.5,19.0,18.5,2.0,3.0,2.5,3.5,1.0,2.0,1.5,1.0,1.0
356,claude-opus-4,20.0,18.5,19.0,19.5,18.0,16.5,18.5,19.0,19.5,19.0,18.0,19.0,19.5,2.0,3.0,2.5,3.5,1.0,1.5,1.0,1.0,2.5
357,claude-opus-4,20.0,16.5,17.0,19.0,18.5,16.0,15.5,16.5,19.5,18.0,17.5,19.0,18.5,2.0,3.5,2.5,4.0,1.5,2.0,1.0,1.0,1.5
358,claude-opus-4,20.0,17.5,19.0,18.5,16.0,17.0,18.0,18.5,19.5,17.5,18.0,19.0,18.5,2.0,3.0,2.5,3.5,1.0,1.5,2.0,1.0,3.0
359,claude-opus-4,20.0,17.5,18.0,19.0,19.5,18.5,17.0,18.5,19.0,19.5,18.0,19.0,19.0,1.0,2.5,3.0,2.0,1.0,3.5,2.5,1.0,1.5
360,claude-opus-4,20.0,18.5,19.0,19.5,18.0,17.5,18.5,19.0,19.5,19.0,18.5,19.5,19.0,2.0,3.0,2.5,3.5,1.0,2.0,1.5,1.0,2.5
361,claude-opus-4,20.0,16.5,17.0,18.5,19.0,17.5,18.0,17.5,19.5,19.0,18.0,19.0,19.5,2.0,3.5,4.0,3.0,1.0,2.5,3.0,1.0,2.5
362,claude-opus-4,20.0,18.5,19.0,19.5,19.0,18.0,19.5,20.0,19.5,18.5,19.0,19.5,19.0,2.0,3.5,3.0,4.0,1.0,2.5,2.0,1.0,2.5
363,claude-opus-4,20.0,18.5,19.0,19.5,19.0,18.0,18.5,19.5,19.0,19.5,18.5,19.0,19.0,2.0,3.0,2.5,3.5,1.0,2.0,1.5,1.0,3.0
364,claude-opus-4,20.0,18.5,17.0,19.0,16.5,17.5,16.0,15.5,19.5,18.0,18.5,19.0,19.5,2.0,3.5,4.0,3.0,1.5,2.5,1.0,1.0,2.0
365,claude-opus-4,20.0,18.5,17.0,18.0,17.5,16.0,17.0,16.5,19.0,18.0,18.5,19.5,18.5,2.0,3.0,2.5,3.5,1.0,1.5,1.0,1.0,2.0
366,claude-opus-4,20.0,14.5,15.0,17.5,16.0,15.5,17.0,16.5,18.0,18.5,17.0,19.0,18.5,2.0,4.0,3.5,5.0,1.0,2.5,3.0,1.0,10.0
367,claude-opus-4,20.0,17.5,18.0,19.0,18.5,17.0,18.5,19.0,19.5,18.0,18.5,19.0,19.0,2.0,3.0,4.0,3.5,1.0,2.5,3.0,1.0,2.0
368,claude-opus-4,20.0,17.5,18.0,19.0,18.5,17.0,18.0,19.5,19.0,19.0,18.5,19.5,19.0,3.0,4.0,3.5,5.0,1.0,2.5,3.0,1.0,4.5
369,claude-opus-4,20.0,18.5,19.0,19.5,18.0,17.5,17.0,19.0,19.5,18.5,18.0,19.0,19.5,2.0,1.5,3.0,2.5,1.0,3.5,2.0,1.0,1.5
370,claude-opus-4,20.0,18.5,19.0,19.5,19.0,18.0,18.5,19.0,20.0,19.5,19.0,19.5,19.0,2.0,3.0,2.5,3.5,1.0,2.0,1.5,1.0,1.5
371,claude-opus-4,20.0,17.5,18.0,19.0,16.5,15.0,17.0,18.5,19.5,18.0,18.5,18.0,19.0,2.0,1.0,3.0,4.0,1.0,1.0,1.5,1.0,3.5
372,claude-opus-4,20.0,17.5,18.0,19.0,16.5,15.0,17.0,18.5,19.5,18.0,18.5,19.0,18.5,2.0,3.0,4.0,3.5,1.0,2.5,1.5,1.0,3.0
373,claude-opus-4,20.0,18.5,19.0,19.5,17.0,15.5,19.0,19.5,18.0,18.5,18.0,19.5,19.0,3.0,2.5,3.5,4.0,1.5,3.0,2.0,1.0,2.5
374,claude-opus-4,20.0,18.5,19.0,19.5,17.0,16.5,19.0,20.0,19.5,18.0,18.5,19.5,19.0,2.0,3.5,4.0,3.0,1.5,2.5,3.0,1.0,2.0
375,claude-opus-4,20.0,18.5,17.0,19.0,19.5,18.0,16.5,17.5,19.0,18.5,18.5,19.0,19.0,2.0,3.5,2.5,4.0,1.0,2.0,1.5,1.0,1.0
376,claude-opus-4,20.0,18.5,19.0,19.5,19.0,18.0,18.5,19.5,19.0,18.0,18.5,19.5,19.0,2.0,3.5,2.5,3.0,1.0,2.0,2.5,1.0,1.5
377,claude-opus-4,20.0,17.5,19.0,19.5,18.0,17.0,16.5,18.5,19.0,18.0,18.5,19.5,19.0,2.0,3.0,1.5,3.5,1.0,2.5,2.0,1.0,1.5
378,claude-opus-4,20.0,17.5,19.0,18.5,19.5,18.0,17.0,19.0,19.5,18.5,18.0,19.0,19.5,2.0,3.0,2.5,3.5,1.0,2.0,2.5,1.0,1.5
379,claude-opus-4,20.0,17.5,18.0,19.0,17.0,15.5,18.5,19.0,19.5,19.0,18.0,19.5,19.0,2.0,3.0,4.0,3.0,1.0,2.5,2.0,1.0,2.5
380,claude-opus-4,20.0,17.5,16.0,19.0,17.0,16.5,17.5,18.0,19.5,18.5,18.0,19.0,19.5,2.0,3.0,4.0,3.5,1.0,2.5,2.0,1.0,3.0
381,claude-opus-4,20.0,16.5,14.0,19.5,17.0,16.0,13.5,15.0,19.0,18.5,17.5,19.0,18.0,2.0,4.0,3.0,5.0,1.0,2.5,3.5,1.0,2.0
382,claude-opus-4,20.0,17.5,19.0,18.5,19.5,18.0,16.0,18.0,19.0,17.0,18.5,19.0,19.5,2.0,3.0,2.5,1.5,1.0,2.0,1.5,1.0,1.0
383,claude-opus-4,20.0,18.5,19.0,19.5,19.0,18.0,18.5,19.0,19.5,19.0,18.5,19.5,19.0,2.0,3.0,2.5,3.5,1.0,2.0,2.5,1.0,1.5
384,gemini-2.5-pro-exp-03-25,20.0,17.5,18.0,19.0,18.5,18.0,17.0,18.5,19.5,19.0,18.5,19.0,19.5,2.0,3.5,2.5,3.0,1.0,2.0,2.5,1.0,1.5
385,gemini-2.5-pro-exp-03-25,20.0,18.5,19.0,19.5,19.0,18.0,18.5,19.5,19.0,18.0,19.0,19.5,19.0,2.0,3.0,2.5,3.5,1.0,2.0,1.5,1.0,3.0
386,gemini-2.5-pro-exp-03-25,20.0,17.5,18.0,18.5,19.0,17.0,18.0,19.5,19.0,18.5,18.0,19.5,19.0,2.0,3.0,2.5,3.5,1.0,2.0,1.5,1.0,3.0
387,gemini-2.5-pro-exp-03-25,20.0,17.5,18.0,19.0,18.5,17.0,18.0,19.0,19.5,18.5,18.0,19.0,19.0,2.0,3.0,4.0,3.0,1.0,2.5,2.0,1.0,1.0
388,gemini-2.5-pro-exp-03-25,20.0,17.5,18.0,19.0,18.5,16.0,18.5,19.0,19.5,18.0,18.5,19.0,18.5,2.0,3.0,2.5,4.0,1.5,2.0,1.0,1.0,3.5
389,gemini-2.5-pro-exp-03-25,20.0,17.5,18.0,19.0,18.5,16.0,15.0,16.5,19.5,18.0,17.0,19.0,18.5,3.0,2.5,3.5,4.0,1.5,2.0,3.0,1.0,2.5
390,gemini-2.5-pro-exp-03-25,20.0,18.5,19.0,18.0,19.5,17.5,18.0,18.5,19.0,17.0,18.5,19.0,19.5,2.0,3.0,2.5,3.5,1.0,2.0,1.5,1.0,2.5
391,gemini-2.5-pro-exp-03-25,20.0,18.5,19.0,19.5,19.0,18.0,18.5,19.0,19.5,19.0,18.5,19.5,19.0,2.0,3.0,2.5,3.5,1.0,2.0,2.5,1.0,1.5
392,gemini-2.5-pro-exp-03-25,20.0,18.5,19.0,19.5,19.0,17.5,18.0,18.5,19.5,19.0,18.5,19.5,19.0,2.0,3.0,2.5,4.0,1.0,2.0,1.5,1.0,2.5
393,gemini-2.5-pro-exp-03-25,20.0,17.5,16.0,18.5,19.0,17.0,18.0,17.5,19.5,19.0,18.0,19.0,18.5,2.0,3.5,4.0,5.0,1.0,2.5,3.0,1.0,2.5
394,gemini-2.5-pro-exp-03-25,20.0,18.5,19.0,19.5,19.0,18.0,19.5,20.0,19.5,19.0,18.5,19.5,19.0,2.0,3.0,2.5,3.5,1.0,3.0,2.5,1.0,2.0
395,gemini-2.5-pro-exp-03-25,20.0,18.5,19.0,19.5,19.0,18.0,18.5,19.5,19.0,19.5,18.5,19.0,19.5,2.0,3.0,4.0,3.5,1.0,2.5,2.0,1.0,2.5
396,gemini-2.5-pro-exp-03-25,20.0,18.5,19.0,19.5,19.0,18.0,17.5,18.5,19.5,19.0,18.5,19.0,19.5,2.0,1.5,3.0,1.0,0.5,2.5,1.0,1.0,0.5
397,gemini-2.5-pro-exp-03-25,20.0,18.5,19.0,19.5,19.0,18.0,18.5,19.0,20.0,18.0,19.0,19.5,19.0,2.0,3.0,2.5,3.5,1.0,2.0,1.5,1.0,3.0
398,gemini-2.5-pro-exp-03-25,20.0,16.5,15.0,18.5,17.0,16.0,18.0,18.5,19.0,19.5,17.5,19.0,19.5,2.0,3.5,4.0,3.0,1.5,2.5,3.0,1.0,5.0
399,gemini-2.5-pro-exp-03-25,20.0,17.5,18.0,19.0,19.5,18.5,18.0,19.0,19.5,18.5,19.0,19.0,19.0,2.0,3.0,2.5,3.5,1.0,2.0,2.5,1.0,3.0
400,gemini-2.5-pro-exp-03-25,20.0,17.5,18.0,19.0,19.5,18.5,18.0,19.0,19.5,19.0,18.5,19.0,19.5,2.0,3.5,2.5,3.0,1.0,2.0,2.5,1.0,1.5
401,gemini-2.5-pro-exp-03-25,20.0,18.5,19.0,19.5,19.0,18.0,18.5,19.0,19.5,19.0,19.0,19.5,19.5,2.0,1.5,2.5,3.0,1.0,3.5,2.0,1.0,1.5
402,gemini-2.5-pro-exp-03-25,20.0,18.5,17.0,19.0,19.5,18.0,18.5,19.0,19.5,19.0,18.5,19.0,19.5,2.0,3.5,2.5,3.0,1.0,2.0,1.5,1.0,1.0
403,gemini-2.5-pro-exp-03-25,20.0,19.5,18.0,19.0,17.5,16.0,19.0,18.5,20.0,19.5,18.5,19.0,19.5,2.0,1.0,3.0,3.0,1.0,1.0,1.0,1.0,2.5
404,gemini-2.5-pro-exp-03-25,20.0,18.5,19.0,19.5,17.0,16.5,18.0,19.0,19.5,18.5,17.5,19.0,19.5,2.0,3.0,4.0,2.5,1.0,3.5,2.0,1.0,3.0
405,gemini-2.5-pro-exp-03-25,20.0,18.5,19.0,19.5,18.0,17.5,19.0,19.5,19.0,18.5,18.0,19.5,19.0,3.0,2.5,3.5,4.0,1.5,2.0,3.0,1.0,2.5
406,gemini-2.5-pro-exp-03-25,20.0,18.5,19.0,19.5,17.0,16.0,19.0,20.0,19.5,18.0,18.5,19.5,19.0,3.0,4.5,3.5,5.0,2.0,3.0,4.0,2.5,3.0
407,gemini-2.5-pro-exp-03-25,20.0,18.5,19.0,19.5,19.0,18.0,18.5,19.0,20.0,19.5,18.5,19.0,19.5,1.0,2.0,3.0,3.5,1.0,2.5,1.5,1.0,2.0
408,gemini-2.5-pro-exp-03-25,20.0,18.5,19.0,19.5,19.0,18.0,19.5,20.0,19.5,19.0,18.5,19.5,19.5,2.0,3.0,2.5,3.5,1.0,2.0,2.5,1.0,1.5
409,gemini-2.5-pro-exp-03-25,20.0,18.5,19.0,19.5,19.0,18.0,17.5,19.0,19.5,18.5,18.0,19.0,19.5,2.0,1.5,3.0,1.0,0.5,3.5,2.5,1.0,1.5
410,gemini-2.5-pro-exp-03-25,20.0,18.5,19.0,19.5,20.0,19.0,18.0,19.5,20.0,19.0,19.5,19.5,19.5,1.0,2.5,3.0,3.5,0.5,2.0,1.5,1.0,1.0
411,gemini-2.5-pro-exp-03-25,20.0,17.5,18.0,19.0,19.5,18.5,18.0,19.0,19.5,19.0,18.5,19.5,19.0,1.0,2.5,3.0,2.0,1.0,3.5,2.5,1.0,1.5
412,gemini-2.5-pro-exp-03-25,20.0,17.5,18.0,19.5,17.0,16.5,18.5,19.0,18.0,19.5,17.5,19.0,19.0,2.0,1.0,3.0,3.5,1.0,2.5,2.0,1.0,2.5
413,gemini-2.5-pro-exp-03-25,20.0,17.5,14.0,19.5,18.0,16.5,15.0,16.0,19.0,19.5,17.0,19.0,19.5,2.0,1.0,3.0,3.5,1.0,2.5,2.0,1.0,1.5
414,gemini-2.5-pro-exp-03-25,20.0,18.5,19.0,19.5,19.0,18.0,17.5,18.5,19.5,18.0,19.0,19.0,19.0,2.0,3.0,2.5,3.5,1.0,2.0,1.5,1.0,1.5
415,gemini-2.5-pro-exp-03-25,20.0,18.5,17.0,19.0,19.5,18.0,17.5,18.5,19.0,19.5,18.5,19.0,19.0,2.0,3.0,2.5,3.5,1.0,2.0,2.5,1.0,1.5
416,gemini-2.5-pro-exp-03-25,20.0,18.5,19.0,19.5,19.0,18.0,18.5,19.0,20.0,19.5,19.0,19.5,19.0,2.0,3.0,2.5,3.5,1.0,2.0,2.5,1.0,1.5
417,gemini-2.5-pro-exp-03-25,20.0,18.5,19.0,18.0,19.5,17.5,19.0,19.5,19.0,18.5,18.0,19.5,19.0,2.0,3.0,2.5,3.5,1.0,2.0,1.5,1.0,3.0
418,gemini-2.5-pro-exp-03-25,20.0,17.5,18.0,18.5,19.0,17.0,18.5,19.0,19.5,18.0,18.0,19.0,19.5,2.0,3.0,2.5,3.5,1.0,2.0,1.5,1.0,3.0
419,gemini-2.5-pro-exp-03-25,20.0,17.5,18.0,19.0,18.5,17.0,16.5,17.5,19.5,18.0,18.5,19.0,18.5,2.0,3.0,2.5,3.5,1.0,2.0,1.5,1.0,1.0
420,gemini-2.5-pro-exp-03-25,20.0,17.5,18.0,19.0,19.5,16.0,18.5,19.0,19.5,18.0,18.5,19.0,18.5,2.0,3.0,2.5,3.5,1.0,2.0,1.5,1.0,2.5
421,gemini-2.5-pro-exp-03-25,20.0,17.5,18.0,19.0,19.5,16.0,17.0,18.5,19.0,19.5,18.0,19.0,19.0,3.0,2.5,3.5,4.0,1.5,2.0,2.5,1.0,1.0
422,gemini-2.5-pro-exp-03-25,20.0,18.5,19.0,18.0,17.5,16.5,18.0,19.5,19.0,17.0,18.5,19.0,19.5,2.0,3.0,2.5,3.5,1.0,2.0,1.5,1.0,2.5
423,gemini-2.5-pro-exp-03-25,20.0,18.5,19.0,19.5,19.0,18.0,18.5,19.0,19.5,19.0,18.5,19.5,19.0,2.0,3.0,2.5,3.5,1.0,2.0,2.5,1.0,3.0
424,gemini-2.5-pro-exp-03-25,20.0,18.5,19.0,19.5,19.0,17.5,18.0,19.5,20.0,19.0,18.5,19.5,19.0,1.0,2.5,3.0,3.5,1.0,2.0,1.5,1.0,1.0
425,gemini-2.5-pro-exp-03-25,20.0,17.5,16.0,19.0,19.5,17.0,18.5,17.5,19.0,19.5,18.0,19.0,18.5,2.0,3.5,2.5,3.0,1.0,2.0,2.5,1.0,3.0
426,gemini-2.5-pro-exp-03-25,20.0,18.5,19.0,19.5,19.0,18.0,19.5,20.0,19.5,19.0,18.5,19.5,19.0,2.0,3.0,2.5,3.5,1.0,2.0,3.0,1.0,1.5
427,gemini-2.5-pro-exp-03-25,20.0,18.5,19.0,19.5,19.0,18.0,19.5,20.0,19.5,19.0,18.5,19.0,19.5,2.0,3.5,2.5,3.0,1.0,2.0,2.5,1.0,1.5
428,gemini-2.5-pro-exp-03-25,20.0,18.5,19.0,19.5,18.0,17.5,18.5,19.0,19.5,19.0,18.5,19.5,19.0,2.0,1.5,3.0,3.5,1.0,2.5,1.5,1.0,1.5
429,gemini-2.5-pro-exp-03-25,20.0,17.5,18.0,18.5,19.0,17.0,18.0,18.5,19.5,17.5,18.0,19.0,18.5,2.0,3.0,2.5,3.5,1.0,1.5,1.0,1.0,3.0
430,gemini-2.5-pro-exp-03-25,20.0,17.5,16.0,18.5,17.0,16.5,18.0,19.0,19.5,19.0,18.0,19.5,19.0,2.0,3.0,4.0,3.5,1.0,2.5,3.0,1.0,2.5
431,gemini-2.5-pro-exp-03-25,20.0,17.5,18.0,19.0,19.5,18.5,18.0,19.0,19.5,18.5,19.0,19.0,19.0,2.0,3.0,2.5,3.5,1.0,2.0,2.5,1.0,2.0
432,gemini-2.5-pro-exp-03-25,20.0,16.5,17.0,18.5,19.0,17.5,18.0,19.5,19.0,19.5,18.0,19.0,19.0,2.0,3.5,4.0,3.0,1.0,2.5,3.0,1.0,2.0
433,gemini-2.5-pro-exp-03-25,20.0,18.5,19.0,19.5,19.0,18.0,17.5,19.0,19.5,18.5,18.5,19.0,19.5,3.0,2.5,3.5,2.0,1.0,3.0,2.5,1.0,1.5
434,gemini-2.5-pro-exp-03-25,20.0,18.5,17.0,19.5,19.0,18.0,18.5,19.0,19.5,19.0,18.5,19.0,19.5,2.0,3.5,4.0,3.0,1.0,2.5,2.0,1.0,1.5
435,gemini-2.5-pro-exp-03-25,20.0,18.5,19.0,19.5,18.0,17.5,19.0,19.5,19.0,18.5,18.0,19.5,19.5,2.0,1.0,3.0,3.0,1.0,2.0,1.0,1.0,2.0
436,gemini-2.5-pro-exp-03-25,20.0,17.5,18.0,19.5,16.0,15.5,17.0,18.5,19.0,18.0,17.0,19.5,19.0,2.0,3.5,4.0,3.0,1.5,2.5,3.0,1.0,2.5
437,gemini-2.5-pro-exp-03-25,20.0,18.5,19.0,19.5,17.0,15.5,18.0,19.5,19.0,18.5,17.5,19.0,19.5,3.0,2.5,3.5,4.0,1.5,2.0,3.0,1.0,2.5
438,gemini-2.5-pro-exp-03-25,20.0,18.5,19.0,19.5,17.0,16.0,19.0,20.0,18.0,19.5,17.5,19.0,19.5,3.0,2.5,4.0,3.5,1.0,2.0,3.0,1.0,2.5
439,gemini-2.5-pro-exp-03-25,20.0,18.5,17.0,19.0,19.5,18.0,17.5,18.0,19.5,18.5,19.0,19.0,19.0,1.0,3.0,2.5,3.5,1.0,2.0,1.5,1.0,1.0
440,gemini-2.5-pro-exp-03-25,20.0,18.5,19.0,19.5,19.0,18.0,19.5,20.0,19.5,19.0,18.5,20.0,19.5,2.0,3.5,2.5,3.0,1.0,2.0,2.5,1.0,1.5
441,gemini-2.5-pro-exp-03-25,20.0,18.5,19.0,19.5,19.0,18.0,17.5,19.0,19.5,18.5,18.0,19.0,19.5,2.0,3.0,1.5,2.5,1.0,3.5,2.0,1.0,1.5
442,gemini-2.5-pro-exp-03-25,20.0,18.5,19.0,19.5,20.0,19.0,18.0,19.5,19.5,19.0,19.0,20.0,19.5,1.0,2.0,1.5,3.0,0.5,2.5,2.0,0.5,1.0
443,gemini-2.5-pro-exp-03-25,20.0,18.5,19.0,18.0,19.5,17.5,18.0,19.0,19.5,19.0,18.5,19.0,19.5,1.0,2.5,3.0,2.0,1.0,3.5,2.0,1.0,1.5
444,gemini-2.5-pro-exp-03-25,19.5,17.0,16.5,19.0,17.5,16.0,18.5,19.0,18.0,19.5,17.5,19.0,19.5,2.0,1.0,3.5,3.0,1.5,2.5,2.0,1.0,2.5
445,gemini-2.5-pro-exp-03-25,20.0,17.5,14.0,19.0,18.5,16.0,12.0,13.5,19.5,19.0,17.0,19.5,19.0,2.0,3.0,4.0,5.0,1.0,2.5,3.5,1.0,2.0
446,gemini-2.5-pro-exp-03-25,20.0,18.5,19.0,19.5,19.0,18.0,17.5,18.5,19.5,19.0,18.5,19.0,19.5,2.0,3.0,2.5,3.5,1.0,2.0,2.5,1.0,1.5
447,gemini-2.5-pro-exp-03-25,20.0,18.5,19.0,19.5,19.0,18.0,18.5,19.5,20.0,19.0,18.5,19.5,19.0,2.0,3.0,2.5,3.5,1.0,2.0,2.5,1.0,1.5
448,gemini-2.5-pro-exp-03-25,20.0,17.5,18.0,19.0,18.5,18.0,17.0,18.5,19.5,19.0,18.5,19.0,19.5,2.0,3.0,4.0,3.5,1.0,2.5,2.0,1.0,2.5
449,gemini-2.5-pro-exp-03-25,20.0,18.5,19.0,19.5,19.0,18.0,18.5,19.5,19.0,18.0,19.0,19.5,19.0,2.0,3.0,2.5,3.5,1.0,2.0,1.5,1.0,2.5
450,gemini-2.5-pro-exp-03-25,20.0,18.5,19.0,18.0,19.5,17.5,19.0,18.5,19.5,18.0,18.5,19.0,19.0,2.0,3.0,2.5,3.5,1.0,2.0,2.5,1.0,3.0
451,gemini-2.5-pro-exp-03-25,20.0,17.5,18.0,19.0,18.5,17.0,16.5,17.5,19.5,18.0,18.5,19.0,18.5,2.0,3.5,2.5,3.0,1.0,2.0,1.5,1.0,1.0
452,gemini-2.5-pro-exp-03-25,20.0,18.5,17.0,19.0,18.0,16.5,18.0,19.5,19.0,18.5,18.0,19.5,19.0,2.0,3.5,2.5,3.0,1.5,1.0,1.5,1.0,2.0
453,gemini-2.5-pro-exp-03-25,20.0,16.5,17.0,19.0,19.5,17.5,16.0,17.5,18.5,18.0,18.0,19.0,18.5,3.0,2.5,3.5,4.0,1.5,3.0,2.5,1.0,2.0
454,gemini-2.5-pro-exp-03-25,20.0,18.5,19.0,18.0,19.5,17.5,18.0,18.5,19.0,17.0,18.5,19.5,19.0,2.0,3.0,2.5,3.5,1.0,2.0,1.5,1.0,3.0
455,gemini-2.5-pro-exp-03-25,20.0,18.5,17.0,19.0,19.5,18.0,18.5,19.0,19.5,19.0,18.5,19.0,19.5,2.0,3.5,2.5,3.0,1.0,2.0,2.5,1.0,1.5
456,gemini-2.5-pro-exp-03-25,20.0,18.5,19.0,19.5,19.0,17.5,18.0,19.5,19.0,19.5,18.5,19.0,19.5,2.0,3.0,2.5,4.0,1.0,3.5,2.0,1.0,2.5
457,gemini-2.5-pro-exp-03-25,20.0,17.5,18.0,19.0,19.5,17.0,18.5,18.0,19.0,19.5,18.5,19.0,19.0,2.0,3.0,2.5,3.5,1.0,2.0,2.5,1.0,2.0
458,gemini-2.5-pro-exp-03-25,20.0,18.5,19.0,19.5,19.0,18.0,19.5,20.0,19.5,19.0,18.5,19.5,19.5,2.0,3.0,4.0,3.0,1.0,3.5,3.0,1.0,1.0
459,gemini-2.5-pro-exp-03-25,20.0,18.5,19.0,19.5,19.0,18.0,18.5,19.5,19.0,19.5,18.5,19.0,19.5,2.0,3.5,2.5,3.0,1.0,2.0,1.5,1.0,2.5
460,gemini-2.5-pro-exp-03-25,20.0,18.5,19.0,19.5,18.0,17.5,18.5,19.0,19.5,18.0,18.5,19.0,19.5,2.0,3.0,2.5,3.5,1.0,3.0,2.5,1.0,1.5
461,gemini-2.5-pro-exp-03-25,20.0,18.5,17.0,19.0,19.5,17.5,18.0,17.5,19.0,18.5,19.0,19.5,19.0,2.0,3.0,2.5,3.5,1.0,2.0,1.5,1.0,3.0
462,gemini-2.5-pro-exp-03-25,20.0,16.5,15.0,18.0,17.5,16.0,18.5,19.0,19.5,18.0,17.0,19.0,18.5,2.0,3.5,4.0,3.0,1.5,2.5,3.0,1.0,5.0
463,gemini-2.5-pro-exp-03-25,20.0,17.5,18.0,19.0,19.5,18.5,18.0,19.0,19.5,18.5,19.0,19.0,19.0,2.0,3.0,2.5,3.5,1.0,3.0,2.0,1.0,2.5
464,gemini-2.5-pro-exp-03-25,20.0,17.5,18.0,19.0,19.5,18.5,19.0,19.5,19.0,19.5,18.5,19.5,19.0,2.0,3.0,2.5,3.5,1.0,2.0,2.5,1.0,2.0
465,gemini-2.5-pro-exp-03-25,20.0,18.5,19.0,19.5,19.0,18.0,18.5,19.5,19.0,18.0,19.0,19.5,19.0,3.0,2.5,3.5,4.0,1.0,3.0,2.5,1.5,3.0
466,gemini-2.5-pro-exp-03-25,20.0,18.5,17.0,19.0,19.5,18.0,18.5,19.0,19.5,19.0,18.5,19.0,19.5,2.0,3.5,2.5,3.0,1.0,2.0,1.5,1.0,1.0
467,gemini-2.5-pro-exp-03-25,20.0,18.5,19.0,19.5,17.0,15.5,18.0,19.0,19.5,18.5,17.5,19.0,19.5,2.0,1.5,3.0,3.5,1.0,1.5,1.0,1.0,2.5
468,gemini-2.5-pro-exp-03-25,18.5,14.0,17.5,19.0,16.0,15.5,15.0,18.0,17.0,18.5,16.5,19.5,18.0,3.0,5.0,4.0,2.5,1.0,3.5,4.5,1.0,3.0
469,gemini-2.5-pro-exp-03-25,20.0,18.5,19.0,19.5,18.0,16.5,19.0,19.5,19.0,18.5,17.5,19.5,19.0,3.0,4.5,2.5,3.5,1.0,2.0,3.0,1.0,2.0
470,gemini-2.5-pro-exp-03-25,20.0,18.5,19.0,19.5,17.0,16.5,19.0,20.0,19.5,18.0,18.5,19.5,19.0,2.0,3.0,4.0,3.5,1.0,2.5,3.0,1.0,2.5
471,gemini-2.5-pro-exp-03-25,20.0,19.5,18.0,19.0,19.5,18.5,18.0,18.5,20.0,19.0,19.5,19.5,19.0,1.0,3.0,2.0,3.0,1.0,2.5,1.5,1.0,1.0
472,gemini-2.5-pro-exp-03-25,20.0,18.5,19.0,19.5,19.0,18.0,19.5,19.0,19.5,19.0,18.5,19.5,19.0,2.0,3.0,2.5,3.5,1.0,2.0,2.5,1.0,1.5
473,gemini-2.5-pro-exp-03-25,20.0,18.5,19.0,19.5,19.0,18.0,17.5,19.5,19.0,18.5,18.5,19.0,19.5,2.0,1.5,3.0,1.0,0.5,2.5,1.5,0.5,1.0
474,gemini-2.5-pro-exp-03-25,20.0,18.5,19.0,19.5,20.0,19.0,18.0,19.5,20.0,19.0,19.5,20.0,19.5,1.0,2.5,3.0,2.0,0.5,3.5,2.5,1.0,1.0
475,gemini-2.5-pro-exp-03-25,20.0,17.5,18.0,18.5,17.0,16.0,17.5,18.5,19.0,19.5,18.0,19.0,19.0,2.0,3.0,4.0,3.0,1.0,2.5,2.0,1.0,1.5
476,gemini-2.5-pro-exp-03-25,20.0,17.5,18.0,19.0,16.5,17.0,18.5,19.0,18.5,19.5,18.0,19.0,19.5,2.0,1.0,3.0,3.5,1.0,1.5,2.5,1.0,2.0
477,gemini-2.5-pro-exp-03-25,20.0,17.5,14.0,19.0,17.0,16.5,12.0,13.5,19.5,18.0,17.0,19.0,18.5,2.0,3.0,4.0,5.0,1.0,2.5,3.5,1.0,2.0
478,gemini-2.5-pro-exp-03-25,20.0,18.5,19.0,19.5,19.0,18.0,17.5,18.5,19.5,18.0,19.0,19.0,19.5,2.0,3.0,2.5,3.5,1.0,2.0,1.5,1.0,1.5
479,gemini-2.5-pro-exp-03-25,20.0,18.5,19.0,19.5,19.0,18.0,17.5,19.0,19.5,18.5,18.5,19.0,19.0,2.0,3.0,2.5,3.5,1.0,2.0,1.5,1.0,2.0
480,gpt-4.5-preview,20.0,17.5,18.0,19.0,18.5,18.0,17.0,19.5,19.0,18.5,19.5,19.0,19.0,2.0,3.0,2.5,4.0,1.0,2.0,3.0,1.0,2.5
481,gpt-4.5-preview,20.0,18.5,19.0,18.0,19.5,18.5,19.0,19.5,19.5,18.0,19.0,19.5,19.0,2.0,3.0,2.5,3.5,1.0,2.0,1.5,1.0,3.0
482,gpt-4.5-preview,20.0,17.5,18.0,18.5,19.0,17.0,18.5,18.0,19.5,18.0,19.0,19.5,19.0,2.0,3.0,2.5,4.0,1.0,2.0,1.5,1.0,3.5
483,gpt-4.5-preview,20.0,17.5,16.0,18.5,15.0,14.0,16.5,15.5,19.0,17.0,17.5,18.0,17.5,2.0,3.5,4.0,5.0,1.0,2.5,1.5,1.0,2.0
484,gpt-4.5-preview,20.0,17.5,16.0,18.5,17.0,15.5,18.0,17.5,19.0,18.0,18.5,18.5,18.0,3.0,4.5,5.0,6.0,2.5,3.5,3.0,4.0,5.5
485,gpt-4.5-preview,20.0,15.5,16.0,18.5,17.0,14.0,15.0,14.5,18.0,17.5,17.5,18.5,18.0,3.0,4.5,3.5,5.0,2.0,2.5,3.0,1.0,1.5
486,gpt-4.5-preview,20.0,18.5,19.0,18.0,17.5,17.0,18.5,19.5,19.0,18.0,18.5,19.0,19.5,2.0,3.0,2.5,4.0,1.0,1.5,2.0,1.0,3.5
487,gpt-4.5-preview,20.0,18.5,19.0,19.5,19.0,18.0,18.5,19.0,20.0,19.5,18.5,19.0,19.5,2.0,3.0,2.5,3.5,1.0,3.0,2.5,1.0,1.5
488,gpt-4.5-preview,20.0,18.5,19.0,19.5,18.0,17.5,17.0,19.0,19.5,18.5,18.0,19.0,19.5,2.0,3.0,2.5,4.0,1.0,2.0,1.5,1.0,1.5
489,gpt-4.5-preview,20.0,17.5,16.0,18.5,18.0,17.0,18.0,17.5,19.0,19.5,18.5,19.0,18.5,2.0,3.0,4.0,5.0,1.0,2.5,3.5,1.0,3.0
490,gpt-4.5-preview,20.0,18.5,19.0,19.5,19.0,18.0,19.5,20.0,19.5,18.5,19.0,19.5,19.0,2.0,3.0,2.5,3.5,1.0,3.0,2.5,1.0,2.0
491,gpt-4.5-preview,20.0,17.5,18.0,19.0,18.5,17.0,18.5,19.0,19.5,19.0,18.0,19.0,19.5,2.0,3.5,4.0,3.0,1.0,2.5,2.0,1.0,2.5
492,gpt-4.5-preview,20.0,18.5,17.0,19.0,16.5,17.5,18.0,16.0,19.5,18.5,18.0,19.0,19.5,2.0,3.5,4.0,5.0,1.0,2.5,1.5,1.0,1.5
493,gpt-4.5-preview,20.0,18.5,17.0,18.0,16.5,15.5,18.0,17.5,19.0,17.0,18.5,18.5,18.0,2.0,3.0,2.5,4.0,1.0,1.5,1.0,1.0,3.5
494,gpt-4.5-preview,20.0,15.5,16.0,17.5,17.0,15.0,18.0,18.5,19.0,18.0,17.0,19.5,18.5,2.0,4.0,3.5,5.0,1.0,2.5,3.0,1.0,4.5
495,gpt-4.5-preview,20.0,17.5,18.5,19.0,19.5,18.0,18.0,19.0,19.5,19.0,19.0,19.5,19.0,2.0,3.0,2.5,4.0,1.0,3.5,3.0,1.0,2.0
496,gpt-4.5-preview,20.0,16.5,14.0,18.5,18.0,16.0,17.5,16.5,19.0,18.0,17.0,18.5,18.0,2.5,3.0,4.0,5.0,1.5,2.0,3.5,1.0,2.0
497,gpt-4.5-preview,20.0,18.5,19.0,19.5,17.0,18.0,18.5,19.0,19.5,19.0,18.5,19.0,19.5,2.0,1.5,2.5,3.0,1.0,1.5,1.0,1.0,1.5
498,gpt-4.5-preview,20.0,18.5,17.0,19.0,19.5,18.0,18.5,17.5,19.5,19.0,19.0,19.0,19.0,2.0,3.5,4.0,5.0,1.0,2.5,1.5,1.0,1.0
499,gpt-4.5-preview,20.0,18.5,17.0,19.0,18.0,16.5,19.5,18.5,19.0,18.0,18.5,19.0,19.5,2.0,1.5,3.0,4.0,1.0,2.5,2.0,1.0,3.5
500,gpt-4.5-preview,20.0,17.5,18.0,18.5,16.0,15.5,17.0,19.0,19.5,18.0,17.5,18.5,18.5,3.0,4.5,3.5,5.0,2.0,2.5,3.0,2.0,4.0
501,gpt-4.5-preview,20.0,18.5,19.0,19.5,17.0,16.0,19.0,19.5,19.0,18.0,18.5,19.5,19.0,3.0,4.5,5.0,6.0,2.0,3.5,4.0,1.0,3.0
502,gpt-4.5-preview,20.0,18.5,19.0,19.5,17.0,16.5,19.0,20.0,19.5,18.0,18.5,19.0,19.5,3.0,2.5,4.0,5.0,1.0,2.0,3.5,1.0,2.0
503,gpt-4.5-preview,20.0,18.5,17.0,19.0,19.5,18.0,17.5,18.0,19.5,18.5,18.5,19.0,19.0,2.0,1.0,3.0,4.0,1.0,2.5,2.0,1.0,1.5
504,gpt-4.5-preview,20.0,18.5,19.0,19.5,19.0,18.0,19.5,20.0,19.5,19.0,18.5,19.5,19.0,2.0,3.0,4.0,3.0,1.0,2.5,3.5,1.0,2.0
505,gpt-4.5-preview,20.0,17.5,19.0,18.5,18.0,17.0,17.0,19.5,19.0,18.5,18.0,19.5,19.0,2.0,3.0,2.5,3.5,1.0,2.0,2.5,1.0,1.5
506,gpt-4.5-preview,20.0,18.5,19.0,19.5,19.0,18.0,17.5,19.0,20.0,18.5,18.5,19.0,19.5,2.0,1.5,3.0,3.5,1.0,2.5,2.0,1.0,1.5
507,gpt-4.5-preview,20.0,17.5,18.0,18.5,17.0,15.0,18.0,19.0,19.5,19.0,17.5,19.0,18.5,2.0,3.0,4.0,3.5,1.0,2.5,2.0,1.0,1.5
508,gpt-4.5-preview,19.5,17.0,16.5,18.0,14.5,15.0,18.5,19.0,17.5,19.5,16.0,19.0,18.5,3.0,2.5,5.0,4.0,2.0,3.5,4.5,1.0,3.0
509,gpt-4.5-preview,20.0,14.5,12.0,19.0,16.0,15.5,10.0,13.5,18.5,19.5,17.0,18.0,18.5,2.0,3.5,4.0,5.0,1.0,2.5,3.0,1.0,2.5
510,gpt-4.5-preview,20.0,17.5,18.0,19.0,18.5,18.0,16.5,17.0,19.5,17.5,18.5,18.0,18.5,2.0,3.0,2.5,3.5,1.0,2.0,1.5,1.0,2.5
511,gpt-4.5-preview,20.0,18.5,19.0,19.5,19.0,17.5,18.0,19.0,19.5,19.0,18.5,19.0,19.5,2.0,3.5,2.5,3.0,1.0,2.0,1.5,1.0,1.5
512,gpt-4.5-preview,20.0,17.5,16.0,18.5,17.0,16.5,15.0,16.5,19.0,18.0,18.0,18.5,18.0,2.0,3.5,4.0,5.0,1.0,2.5,3.0,1.0,2.5
513,gpt-4.5-preview,20.0,18.5,19.0,19.5,19.0,18.0,19.5,20.0,19.5,18.5,19.0,19.5,19.0,2.0,3.0,2.5,3.5,1.0,2.0,1.5,1.0,3.0
514,gpt-4.5-preview,20.0,17.5,18.0,19.0,18.5,17.0,18.5,19.0,19.5,18.0,19.0,19.5,19.0,2.0,3.0,2.5,4.0,1.0,2.0,1.5,1.0,3.5
515,gpt-4.5-preview,20.0,17.5,18.0,19.0,17.0,16.5,18.5,19.0,19.5,18.0,18.5,19.0,18.5,2.0,3.0,4.0,3.5,1.0,2.5,1.5,1.0,2.0
516,gpt-4.5-preview,20.0,17.5,18.0,18.5,19.0,16.0,19.5,19.0,19.5,18.5,18.0,19.0,19.0,2.0,3.0,4.0,3.5,1.5,2.5,1.0,1.0,2.0
517,gpt-4.5-preview,20.0,16.5,17.0,18.5,17.5,15.0,16.0,17.5,19.0,18.0,17.0,18.5,18.0,3.0,4.5,3.5,5.0,2.0,3.0,2.5,4.0,3.0
518,gpt-4.5-preview,20.0,17.5,18.0,18.5,16.0,17.0,18.5,19.0,19.5,17.5,18.0,19.0,18.5,2.0,3.0,2.5,4.0,1.0,1.5,2.0,1.0,3.5
519,gpt-4.5-preview,20.0,17.5,18.0,19.0,19.5,18.5,18.0,19.0,19.5,19.0,18.5,19.0,19.5,2.0,3.0,2.5,3.5,1.0,2.0,2.5,1.0,1.5
520,gpt-4.5-preview,20.0,18.5,19.0,19.5,18.0,17.5,18.5,19.0,19.5,19.0,18.5,19.0,19.5,2.0,3.0,2.5,4.0,1.0,2.0,1.5,1.0,2.5
521,gpt-4.5-preview,20.0,17.5,16.0,18.5,18.0,17.0,18.0,17.5,19.0,19.5,18.5,19.0,18.5,2.0,3.5,2.5,4.0,1.0,1.5,2.0,1.0,2.5
522,gpt-4.5-preview,20.0,18.5,19.0,19.5,19.0,18.0,19.5,20.0,19.5,18.5,19.0,19.5,19.0,2.0,3.0,2.5,3.5,1.0,2.0,2.5,1.0,2.0
523,gpt-4.5-preview,20.0,17.5,18.0,19.0,18.5,17.0,18.5,19.0,19.5,19.0,18.0,19.0,19.5,2.0,3.0,4.0,3.5,1.0,2.5,2.0,1.0,1.5
524,gpt-4.5-preview,20.0,18.5,17.0,19.0,17.5,18.0,16.5,15.0,19.5,18.5,19.0,18.0,19.0,2.0,3.0,2.5,4.0,1.0,1.5,1.0,1.0,1.5
525,gpt-4.5-preview,20.0,18.5,17.0,18.0,16.5,15.5,18.0,17.5,19.0,17.0,18.5,19.0,18.5,2.0,3.0,4.0,5.0,1.0,2.0,1.0,1.0,3.0
526,gpt-4.5-preview,20.0,14.5,15.0,17.5,16.0,15.5,18.0,17.0,19.0,18.5,17.0,19.5,18.0,2.0,3.5,4.0,5.0,1.0,2.5,3.0,1.0,2.5
527,gpt-4.5-preview,20.0,17.5,18.0,19.0,19.5,18.5,18.0,19.0,19.5,19.0,19.0,19.5,19.0,2.0,3.0,2.5,4.0,1.0,3.5,3.0,1.0,3.0
528,gpt-4.5-preview,20.0,16.5,17.0,18.5,18.0,16.0,17.5,18.0,19.0,19.5,18.5,18.0,18.5,3.0,4.5,5.0,5.5,2.0,3.5,3.0,1.0,2.5
529,gpt-4.5-preview,20.0,17.5,19.0,19.5,18.0,17.0,16.5,18.5,19.0,18.0,18.5,19.0,19.5,2.0,3.0,2.5,4.0,1.0,3.5,2.0,1.0,2.5
530,gpt-4.5-preview,20.0,18.5,17.0,19.0,18.0,17.5,18.0,17.5,19.5,19.0,18.5,19.0,19.5,2.0,3.0,4.0,5.0,1.0,2.5,1.5,1.0,1.0
531,gpt-4.5-preview,20.0,18.5,17.0,19.0,16.5,15.0,18.0,17.5,19.5,18.5,18.0,18.5,18.0,2.0,1.5,4.0,5.0,1.0,1.0,1.5,1.0,3.0
532,gpt-4.5-preview,20.0,17.5,18.0,18.5,16.0,17.0,16.5,18.5,19.0,17.5,18.0,19.5,19.0,2.0,3.0,4.0,3.5,1.0,2.5,1.5,1.0,3.0
533,gpt-4.5-preview,20.0,18.5,19.0,19.5,17.0,16.0,19.0,19.5,19.0,18.0,18.5,19.5,19.0,3.0,2.5,4.0,3.5,1.5,2.0,3.0,1.0,2.5
534,gpt-4.5-preview,20.0,17.5,19.0,18.5,17.0,16.0,19.5,20.0,19.0,18.0,18.0,19.5,19.0,3.0,4.0,3.5,5.0,1.0,2.5,3.0,2.0,2.5
535,gpt-4.5-preview,20.0,18.5,17.0,19.0,19.5,18.0,18.5,17.5,19.0,18.0,18.5,19.0,19.0,2.0,1.0,3.0,4.0,1.0,2.5,3.0,1.0,1.0
536,gpt-4.5-preview,20.0,18.5,19.0,18.0,19.5,17.5,19.0,19.5,19.0,18.5,18.0,19.5,19.0,2.0,3.0,2.5,3.5,1.0,2.0,2.5,1.0,3.0
537,gpt-4.5-preview,20.0,17.5,18.0,19.0,16.5,17.0,16.0,18.5,19.5,18.0,18.5,18.0,18.5,2.0,3.5,2.5,4.0,1.5,2.0,1.0,1.0,1.5
538,gpt-4.5-preview,20.0,17.5,19.0,18.5,19.5,18.0,17.0,19.0,19.0,18.5,18.0,19.5,19.0,2.0,3.0,2.5,4.0,1.0,3.5,3.0,1.0,1.5
539,gpt-4.5-preview,20.0,17.5,18.0,18.5,19.0,17.0,18.0,19.0,19.5,19.0,18.5,19.5,19.0,2.0,3.0,4.0,3.5,1.0,2.5,3.0,1.0,2.0
540,gpt-4.5-preview,20.0,17.5,16.0,19.0,15.5,17.0,18.5,19.5,18.0,19.0,18.5,19.0,19.5,3.0,1.5,4.0,3.5,1.0,2.5,3.0,1.0,2.0
541,gpt-4.5-preview,18.5,15.0,12.0,19.0,16.5,14.0,10.0,13.5,18.0,19.5,16.0,18.5,18.0,2.0,4.0,3.5,5.0,1.0,2.5,3.0,1.0,1.5
542,gpt-4.5-preview,20.0,18.5,19.0,19.5,19.0,18.0,17.5,18.0,19.5,18.5,19.0,19.0,19.5,2.0,3.0,2.5,3.5,1.0,2.0,1.5,1.0,2.5
543,gpt-4.5-preview,20.0,18.5,17.0,19.0,19.5,17.5,16.0,18.0,19.0,19.5,18.5,18.0,18.5,2.0,3.0,2.5,4.0,1.0,2.0,1.5,1.0,3.5
544,gpt-4.5-preview,20.0,17.5,18.0,19.0,18.5,17.0,16.5,18.5,19.5,18.0,18.0,19.0,19.0,2.0,3.0,4.0,3.5,1.0,2.5,2.0,1.0,3.0
545,gpt-4.5-preview,20.0,18.5,19.0,19.5,19.0,18.0,19.0,19.5,20.0,18.5,19.0,19.5,19.0,2.0,3.0,2.5,3.5,1.0,2.0,2.5,1.0,3.0
546,gpt-4.5-preview,20.0,17.5,18.0,18.5,18.0,17.0,18.5,17.5,19.0,18.0,18.5,19.5,19.0,2.0,3.0,4.0,5.0,1.0,2.0,1.0,1.0,3.0
547,gpt-4.5-preview,20.0,17.5,18.0,19.0,18.5,17.0,18.5,19.0,19.5,18.0,18.5,19.0,19.0,2.0,3.0,2.5,3.5,1.0,2.0,1.5,1.0,1.5
548,gpt-4.5-preview,20.0,17.5,18.0,18.5,17.0,16.0,18.5,19.0,19.5,18.0,18.0,19.0,18.5,3.0,2.5,4.0,3.5,1.5,2.0,2.5,1.0,3.0
549,gpt-4.5-preview,20.0,16.5,18.0,18.5,17.0,15.5,16.0,17.5,19.0,18.0,17.5,18.5,18.0,2.0,3.5,2.5,4.0,1.5,1.0,1.5,1.0,2.0
550,gpt-4.5-preview,20.0,18.5,19.0,18.0,17.5,17.0,18.5,19.5,19.0,18.0,18.5,19.0,19.5,2.0,1.5,3.0,3.5,1.0,2.5,1.5,1.0,2.5
551,gpt-4.5-preview,20.0,17.5,18.0,19.0,19.5,18.5,18.0,19.0,19.5,19.0,18.5,19.0,19.5,2.0,3.0,2.5,3.5,1.0,2.0,2.5,1.0,1.5
552,gpt-4.5-preview,20.0,17.5,18.0,19.0,19.5,17.0,18.5,19.0,19.5,19.0,18.5,19.0,19.5,2.0,3.0,4.0,5.0,1.0,2.5,3.5,1.0,2.0
553,gpt-4.5-preview,20.0,17.5,18.0,19.0,19.5,18.5,19.0,19.5,19.0,19.5,19.0,19.5,19.0,2.0,3.0,2.5,3.5,1.0,2.0,2.5,1.0,2.0
554,gpt-4.5-preview,20.0,18.5,19.0,19.5,19.0,18.0,19.5,20.0,19.5,18.5,19.0,20.0,19.5,2.0,3.0,2.5,3.5,1.0,2.0,3.0,1.0,2.0
555,gpt-4.5-preview,20.0,17.5,16.0,18.5,18.0,16.5,17.0,18.0,19.0,18.5,17.5,18.0,18.5,2.0,3.5,4.0,5.0,1.0,2.5,1.5,1.0,2.0
556,gpt-4.5-preview,20.0,18.5,17.0,19.0,16.5,17.5,18.0,16.0,19.5,18.5,18.0,19.0,19.5,2.0,3.0,2.5,4.0,1.0,2.0,1.5,1.0,1.5
557,gpt-4.5-preview,20.0,18.5,17.0,18.0,17.5,16.5,18.0,16.0,19.0,17.0,18.5,19.0,18.5,2.0,3.0,4.0,5.0,1.0,2.0,1.0,1.0,3.0
558,gpt-4.5-preview,20.0,16.5,17.0,18.5,17.5,16.0,18.0,19.0,19.5,19.0,18.0,19.5,19.0,2.0,3.5,4.0,5.0,1.5,2.5,3.0,1.0,4.5
559,gpt-4.5-preview,20.0,17.5,18.0,19.0,19.5,18.5,18.0,19.0,19.5,19.0,19.0,19.5,19.0,2.0,3.0,2.5,4.0,1.0,3.5,2.5,1.0,2.0
560,gpt-4.5-preview,20.0,16.5,17.0,18.5,19.0,17.5,18.0,18.5,19.5,19.0,18.0,19.0,18.5,3.0,5.0,4.0,6.0,2.0,3.5,4.5,1.0,3.0
561,gpt-4.5-preview,20.0,17.5,19.0,19.5,18.0,17.0,18.5,19.0,19.5,19.0,18.5,19.0,19.5,3.0,2.5,3.5,4.0,1.0,2.0,2.5,1.0,2.0
562,gpt-4.5-preview,20.0,18.5,17.0,19.0,19.5,18.0,18.5,18.0,19.5,19.0,19.0,19.5,19.0,2.0,3.0,4.0,3.5,1.0,2.5,2.0,1.0,1.5
563,gpt-4.5-preview,20.0,18.5,17.0,19.0,16.5,15.0,18.0,18.5,19.5,17.5,17.0,18.5,19.0,2.0,3.0,4.0,5.0,1.0,1.0,2.0,1.0,3.0
564,gpt-4.5-preview,20.0,18.5,19.0,18.0,16.5,17.5,18.0,19.5,19.0,18.5,18.5,19.0,19.5,3.0,2.5,4.0,5.0,1.0,2.0,1.5,1.0,3.5
565,gpt-4.5-preview,20.0,18.5,19.0,19.5,18.0,17.5,19.0,19.5,19.0,18.5,18.0,19.5,19.0,3.0,2.5,3.5,4.0,1.0,2.0,3.0,1.0,2.5
566,gpt-4.5-preview,20.0,18.5,19.0,19.5,17.0,16.5,19.0,20.0,19.5,18.0,18.5,19.0,19.5,3.0,4.5,3.5,5.0,1.0,2.5,3.0,1.0,2.0
567,gpt-4.5-preview,20.0,18.5,17.0,19.0,19.5,18.0,18.5,17.5,19.5,18.0,19.0,19.0,19.0,2.0,3.0,4.0,5.0,1.0,3.0,2.0,1.0,2.0
568,gpt-4.5-preview,20.0,18.5,19.0,19.5,19.0,18.0,19.5,20.0,19.5,19.0,18.5,19.0,19.5,2.0,3.0,2.5,3.5,1.0,2.0,3.0,1.0,2.5
569,gpt-4.5-preview,20.0,17.5,18.0,19.0,18.5,17.0,16.5,17.0,19.5,18.0,18.5,19.0,18.5,2.0,3.0,2.5,3.5,1.0,2.0,2.5,1.0,3.0
570,gpt-4.5-preview,20.0,17.5,19.0,18.5,19.5,18.0,17.0,19.0,19.0,18.5,18.0,19.5,19.0,2.0,3.0,4.0,3.5,1.0,3.0,2.5,1.0,1.5
571,gpt-4.5-preview,20.0,17.5,18.0,17.0,16.5,15.0,18.5,19.0,19.5,18.0,17.5,19.0,18.5,2.0,3.0,4.0,3.5,1.0,2.5,2.0,1.0,2.5
572,gpt-4.5-preview,19.5,17.0,16.5,18.0,15.5,16.0,18.5,19.0,18.5,19.5,17.5,19.0,19.0,3.0,2.5,5.0,4.0,1.5,2.0,3.5,1.0,2.5
573,gpt-4.5-preview,20.0,15.5,12.0,18.5,16.0,14.0,10.0,11.5,19.0,17.5,16.5,18.0,18.5,2.0,3.5,5.0,4.0,1.0,2.5,3.0,1.0,2.0
574,gpt-4.5-preview,20.0,17.5,19.0,18.5,18.0,17.0,16.5,18.0,19.5,17.5,18.5,18.0,18.5,2.0,3.0,2.5,3.5,1.0,2.0,2.5,1.0,2.0
575,gpt-4.5-preview,20.0,18.5,17.0,19.0,18.0,17.5,18.0,19.5,19.0,19.0,18.5,19.5,19.0,2.0,3.0,4.0,3.0,1.0,2.5,2.0,1.0,3.5
576,openrouter/horizon-alpha,20.0,18.5,19.0,19.5,18.0,18.5,17.5,19.0,19.5,19.0,18.5,19.0,19.5,2.0,1.5,3.0,2.5,1.0,2.0,1.5,1.0,1.5
577,openrouter/horizon-alpha,20.0,19.5,20.0,19.0,20.0,19.5,19.0,20.0,20.0,19.5,19.5,20.0,20.0,1.0,1.5,2.0,1.0,0.5,2.5,1.0,1.0,1.5
578,openrouter/horizon-alpha,20.0,18.5,19.0,19.5,20.0,19.0,19.5,19.0,19.5,19.0,19.5,20.0,19.5,2.0,1.5,1.0,1.0,0.5,2.5,1.5,1.0,1.5
579,openrouter/horizon-alpha,20.0,18.5,19.0,19.5,19.0,18.0,18.5,19.0,19.5,19.0,18.5,19.5,19.5,2.0,1.5,1.0,1.0,0.5,1.5,1.0,0.5,1.0
580,openrouter/horizon-alpha,20.0,18.5,19.0,19.5,19.0,17.5,19.0,19.5,19.0,18.0,18.5,19.5,19.0,3.0,2.5,3.5,2.0,1.0,3.0,2.5,1.0,3.0
581,openrouter/horizon-alpha,20.0,17.5,18.0,19.0,19.5,18.5,17.0,18.5,18.0,19.0,18.5,19.5,19.0,3.0,2.5,3.5,2.0,1.0,3.0,2.5,1.5,2.0
582,openrouter/horizon-alpha,20.0,19.5,19.0,19.5,19.0,18.5,19.0,19.5,20.0,18.5,19.0,20.0,19.5,2.0,1.5,1.0,2.5,0.5,1.0,1.5,1.0,1.5
583,openrouter/horizon-alpha,20.0,18.5,19.0,19.5,20.0,19.0,18.0,19.5,19.0,19.5,18.5,20.0,19.5,2.0,1.5,1.0,1.0,0.5,3.0,2.5,1.0,1.5
584,openrouter/horizon-alpha,20.0,18.5,19.0,19.5,20.0,18.0,17.5,19.0,19.5,19.0,18.5,20.0,19.5,2.0,1.5,1.0,3.0,0.5,2.5,1.0,1.0,1.5
585,openrouter/horizon-alpha,20.0,18.5,19.0,19.5,20.0,19.0,18.0,19.5,19.0,19.5,19.5,20.0,19.5,2.0,1.5,1.0,1.0,0.5,1.5,1.0,1.0,1.5
586,openrouter/horizon-alpha,20.0,19.5,19.0,19.5,20.0,19.0,19.5,20.0,20.0,19.0,19.5,20.0,19.5,1.0,2.0,1.5,1.0,0.5,2.5,1.0,1.0,1.5
587,openrouter/horizon-alpha,20.0,18.5,19.0,19.5,19.0,18.0,17.5,18.5,19.0,19.5,18.5,19.0,19.5,2.0,1.5,2.5,1.0,0.5,1.5,1.0,0.5,1.0
588,openrouter/horizon-alpha,20.0,19.5,19.0,20.0,19.5,19.0,18.5,19.0,20.0,19.5,19.5,20.0,20.0,2.0,1.0,1.5,1.0,0.5,1.0,1.0,1.0,1.0
589,openrouter/horizon-alpha,20.0,18.5,19.0,19.5,18.0,17.5,18.5,18.0,19.0,19.5,19.0,20.0,19.5,3.0,1.5,2.0,2.5,1.0,3.5,2.0,1.0,1.5
590,openrouter/horizon-alpha,20.0,16.5,18.0,19.0,19.5,18.5,19.0,19.5,18.5,19.0,18.0,20.0,19.5,2.0,3.0,1.5,1.0,0.5,2.5,3.5,1.0,2.0
591,openrouter/horizon-alpha,20.0,18.5,19.0,19.5,19.0,18.0,18.5,19.5,19.0,19.5,19.0,19.5,19.5,2.0,1.5,1.0,2.5,0.5,1.0,1.5,1.0,1.5
592,openrouter/horizon-alpha,20.0,17.5,19.0,19.5,19.0,18.5,18.0,19.5,19.0,19.5,18.5,19.0,19.5,2.0,3.0,2.5,1.5,1.0,2.0,1.5,1.0,2.5
593,openrouter/horizon-alpha,20.0,18.5,19.0,19.5,20.0,19.0,18.0,19.5,19.0,19.5,19.0,20.0,19.5,2.0,1.5,1.0,1.0,0.5,2.5,1.5,1.0,1.0
594,openrouter/horizon-alpha,20.0,18.5,19.0,19.5,20.0,19.0,18.0,19.5,19.5,19.0,19.0,19.5,19.5,2.0,3.0,1.5,2.5,1.0,1.5,1.0,1.0,1.5
595,openrouter/horizon-alpha,20.0,18.5,19.0,19.5,19.0,17.5,18.0,19.5,19.0,19.5,18.5,19.0,19.5,2.0,3.0,2.5,1.5,1.0,2.0,1.5,1.0,1.5
596,openrouter/horizon-alpha,20.0,18.5,19.0,19.5,18.0,17.5,18.5,19.0,19.5,18.0,18.5,19.0,19.5,2.0,3.0,2.5,1.5,1.0,3.5,2.0,1.0,2.5
597,openrouter/horizon-alpha,20.0,18.5,19.0,19.5,19.0,18.0,19.5,19.0,19.5,18.5,18.0,19.0,19.5,2.0,3.0,2.5,1.5,1.0,3.5,2.0,1.0,2.5
598,openrouter/horizon-alpha,20.0,18.5,19.0,19.5,19.0,18.0,19.5,20.0,19.0,19.5,18.5,20.0,19.5,3.0,2.5,1.5,1.0,0.5,2.0,3.5,1.0,2.0
599,openrouter/horizon-alpha,20.0,19.5,18.0,19.0,20.0,19.5,17.5,18.5,19.0,19.0,19.5,20.0,19.5,1.0,1.0,1.5,2.0,0.5,2.5,1.5,1.0,1.0
600,openrouter/horizon-alpha,20.0,19.5,19.0,19.5,20.0,18.5,19.0,19.5,20.0,19.5,19.0,20.0,19.5,1.0,2.0,1.5,1.0,0.5,2.5,1.0,1.0,1.5
601,openrouter/horizon-alpha,20.0,18.5,19.0,19.5,20.0,19.0,18.0,19.5,19.5,19.0,19.0,20.0,19.5,1.0,2.5,1.5,1.0,0.5,2.0,1.5,1.0,1.0
602,openrouter/horizon-alpha,20.0,18.5,19.5,19.0,20.0,19.5,17.0,19.0,19.5,19.0,18.5,20.0,19.5,1.0,1.5,2.0,1.0,0.5,3.0,2.5,0.5,1.0
603,openrouter/horizon-alpha,20.0,18.5,19.0,19.5,19.0,18.0,18.5,19.0,19.5,19.0,18.5,19.5,19.5,2.0,1.5,3.0,2.5,1.0,3.5,2.0,1.0,1.5
604,openrouter/horizon-alpha,20.0,18.5,19.0,19.5,18.0,17.5,18.5,19.0,18.0,19.5,18.5,20.0,19.5,2.0,3.0,2.5,1.5,1.0,3.5,2.0,1.0,2.5
605,openrouter/horizon-alpha,20.0,17.5,15.0,19.5,18.0,17.0,12.0,14.5,19.0,19.5,18.5,19.0,19.5,2.0,1.5,3.0,2.5,1.0,3.5,2.0,1.0,2.5
606,openrouter/horizon-alpha,20.0,18.5,19.0,19.5,20.0,19.0,18.0,19.5,19.5,19.0,19.5,20.0,19.5,2.0,1.5,1.0,1.0,0.5,2.5,1.5,1.0,1.5
607,openrouter/horizon-alpha,20.0,18.5,19.0,20.0,20.0,19.5,18.0,19.0,19.5,19.0,19.0,20.0,20.0,2.0,1.5,1.0,1.0,0.5,2.5,1.5,1.0,2.0
608,openrouter/horizon-alpha,20.0,18.5,19.0,19.5,19.0,18.0,17.5,18.5,19.5,19.0,18.5,19.5,19.0,2.0,1.5,3.0,2.5,1.0,3.5,2.0,1.0,2.5
609,openrouter/horizon-alpha,20.0,19.5,20.0,19.0,20.0,19.5,19.0,20.0,19.5,19.0,19.5,20.0,19.5,2.0,1.5,1.0,1.0,0.5,2.5,1.5,1.0,1.5
610,openrouter/horizon-alpha,20.0,18.5,19.0,19.5,20.0,19.0,19.5,19.0,19.5,19.0,19.5,20.0,19.5,2.0,1.5,1.0,1.0,0.5,2.5,1.5,1.0,2.0
611,openrouter/horizon-alpha,20.0,18.5,19.0,19.5,19.0,18.0,18.5,19.0,19.5,19.0,19.0,20.0,19.5,2.0,1.5,1.0,1.0,0.5,1.5,1.0,0.5,1.0
612,openrouter/horizon-alpha,20.0,18.5,19.0,19.5,19.0,18.0,19.0,19.5,19.5,19.0,18.5,19.5,19.0,2.0,1.5,2.5,1.0,0.5,1.0,1.5,1.0,1.5
613,openrouter/horizon-alpha,20.0,18.5,19.0,19.5,19.0,18.0,17.5,18.5,19.0,19.5,18.5,19.5,19.0,3.0,2.5,3.5,2.0,1.0,3.0,2.5,1.5,2.0
614,openrouter/horizon-alpha,20.0,18.5,19.0,19.5,19.0,18.0,18.5,19.0,19.5,19.0,19.0,19.5,19.5,2.0,1.5,2.5,1.0,0.5,1.0,1.5,1.0,1.5
615,openrouter/horizon-alpha,20.0,18.5,19.0,19.5,20.0,19.0,18.0,19.5,19.0,19.5,18.5,20.0,19.5,1.0,2.0,1.5,1.0,0.5,2.5,1.0,1.0,1.5
616,openrouter/horizon-alpha,20.0,18.5,19.0,19.5,19.0,18.0,18.5,19.5,19.0,19.5,18.5,20.0,19.5,2.0,1.5,3.0,3.5,1.0,2.5,2.0,1.0,1.5
617,openrouter/horizon-alpha,20.0,17.5,19.0,19.5,19.0,18.5,18.0,19.5,19.0,18.5,19.0,19.5,19.5,3.0,2.5,3.5,2.0,1.0,3.0,2.5,1.5,3.0
618,openrouter/horizon-alpha,20.0,19.5,19.0,19.5,20.0,19.0,19.5,20.0,20.0,19.0,19.5,20.0,19.5,1.0,2.5,1.5,1.0,0.5,2.0,1.0,1.0,1.5
619,openrouter/horizon-alpha,20.0,18.5,19.0,19.5,20.0,18.0,18.5,19.0,19.5,19.0,18.5,19.5,19.0,2.0,1.5,3.0,1.0,0.5,2.5,1.0,1.0,2.0
620,openrouter/horizon-alpha,20.0,18.5,19.0,19.5,19.0,19.5,19.0,19.5,19.5,19.0,19.5,20.0,20.0,2.0,1.0,1.5,1.0,0.5,2.5,1.0,1.0,1.5
621,openrouter/horizon-alpha,20.0,18.5,19.0,18.0,18.5,17.5,18.0,18.5,19.5,19.0,18.5,19.0,19.5,2.0,1.5,2.5,3.0,1.0,1.5,1.0,1.0,2.0
622,openrouter/horizon-alpha,20.0,17.5,18.0,19.0,19.5,18.5,19.0,19.5,18.5,19.0,19.0,20.0,19.5,3.0,2.5,3.5,2.0,1.0,2.5,3.0,1.0,3.5
623,openrouter/horizon-alpha,20.0,18.5,19.0,19.5,20.0,19.0,18.0,19.5,19.0,19.5,19.0,20.0,19.5,2.0,1.5,1.0,1.0,0.5,2.5,1.5,1.0,2.0
624,openrouter/horizon-alpha,20.0,17.5,18.0,19.5,19.0,18.5,18.0,19.0,19.0,19.5,18.5,19.5,19.0,3.0,2.5,3.5,2.0,1.0,3.0,2.5,1.0,3.0
625,openrouter/horizon-alpha,20.0,18.5,19.0,19.5,19.0,18.0,18.5,19.5,19.0,19.5,18.5,19.0,19.5,2.0,1.5,2.5,1.0,0.5,3.0,1.5,1.0,1.0
626,openrouter/horizon-alpha,20.0,18.5,19.0,19.5,20.0,19.0,18.0,19.5,19.5,19.0,19.0,19.5,19.5,2.0,3.0,1.5,1.0,0.5,2.5,1.0,1.0,1.5
627,openrouter/horizon-alpha,20.0,18.5,19.0,19.5,19.0,17.5,19.0,19.5,19.0,19.5,18.0,20.0,20.0,2.0,1.5,3.0,1.0,0.5,2.5,1.0,1.0,1.5
628,openrouter/horizon-alpha,20.0,19.5,19.0,19.5,18.5,18.0,18.5,19.0,20.0,19.0,19.0,19.5,19.5,2.0,1.5,2.5,3.0,1.0,2.0,1.5,1.0,2.5
629,openrouter/horizon-alpha,20.0,19.5,20.0,20.0,19.0,18.5,19.5,20.0,19.5,19.0,18.0,20.0,19.5,2.0,1.5,1.0,1.0,0.5,1.5,1.0,1.0,1.5
630,openrouter/horizon-alpha,20.0,18.5,19.0,19.5,18.0,17.5,19.0,20.0,19.5,18.5,18.0,19.5,19.0,2.0,3.0,1.5,2.5,1.0,3.5,2.0,1.0,1.5
631,openrouter/horizon-alpha,20.0,19.5,18.0,19.0,20.0,18.5,17.5,18.5,19.5,19.0,19.0,20.0,19.5,2.0,1.0,1.5,3.0,1.0,2.5,2.0,1.0,1.5
632,openrouter/horizon-alpha,20.0,19.5,19.0,19.5,20.0,18.5,19.0,20.0,20.0,19.5,19.0,20.0,19.5,1.0,2.0,1.5,1.0,0.5,2.5,1.0,1.0,1.5
633,openrouter/horizon-alpha,20.0,18.5,19.0,19.5,20.0,19.0,18.0,19.5,19.0,19.5,19.0,20.0,19.5,2.0,1.5,1.0,1.0,0.5,2.5,1.5,1.0,1.0
634,openrouter/horizon-alpha,20.0,18.5,19.5,19.0,20.0,19.5,18.0,19.0,19.0,19.5,19.0,20.0,19.5,1.0,1.5,2.0,1.0,0.5,2.5,1.5,0.5,1.0
635,openrouter/horizon-alpha,20.0,18.5,19.0,19.5,19.0,18.0,18.5,19.0,19.5,19.0,18.5,20.0,19.5,2.0,1.5,1.0,1.0,0.5,2.5,1.5,1.0,1.0
636,openrouter/horizon-alpha,20.0,18.5,17.0,19.5,18.0,17.5,18.5,19.0,19.0,19.5,18.0,20.0,19.5,2.0,3.0,2.5,1.0,0.5,1.5,2.0,1.0,3.0
637,openrouter/horizon-alpha,19.5,17.0,15.5,19.0,18.5,17.5,14.0,16.0,18.0,19.5,18.5,19.0,19.5,2.0,3.5,2.5,1.5,1.0,1.5,2.0,1.0,2.5
638,openrouter/horizon-alpha,20.0,18.5,19.0,19.5,20.0,19.0,18.0,19.5,19.5,19.0,19.0,20.0,19.5,2.0,1.5,1.0,1.0,0.5,1.5,1.0,1.0,1.0
639,openrouter/horizon-alpha,20.0,19.5,19.0,20.0,19.5,18.5,18.0,19.0,19.5,19.0,19.0,20.0,19.5,2.0,1.5,1.0,1.0,0.5,2.5,1.5,1.0,1.5
640,openrouter/horizon-alpha,20.0,18.5,19.0,19.5,19.0,18.0,17.5,18.5,19.5,19.0,18.5,19.5,19.0,2.0,1.5,3.0,2.5,1.0,3.5,2.0,1.0,2.5
641,openrouter/horizon-alpha,20.0,18.5,19.0,19.5,20.0,18.0,19.0,19.5,19.5,18.5,19.0,20.0,19.5,2.0,1.5,1.0,1.0,0.5,2.5,1.5,1.0,1.5
642,openrouter/horizon-alpha,20.0,18.5,19.0,19.5,20.0,19.0,19.5,19.0,19.5,19.0,19.5,20.0,19.5,2.0,1.5,1.0,1.0,0.5,2.5,1.5,1.0,2.0
643,openrouter/horizon-alpha,20.0,18.5,19.0,19.5,19.0,18.0,17.5,18.5,19.0,19.5,18.5,19.5,19.0,2.0,1.5,2.5,1.0,0.5,1.5,1.0,1.0,1.5
644,openrouter/horizon-alpha,20.0,18.5,19.0,19.5,20.0,18.0,19.0,19.5,19.0,19.5,19.0,20.0,19.5,2.0,1.5,1.0,1.0,0.5,1.5,1.0,1.0,2.5
645,openrouter/horizon-alpha,20.0,18.5,19.0,20.0,19.5,18.0,18.5,19.0,19.5,19.0,18.5,20.0,19.5,2.0,1.5,1.0,1.0,0.5,2.5,1.5,1.0,1.0
646,openrouter/horizon-alpha,20.0,18.5,19.0,19.5,19.0,18.0,19.5,19.0,20.0,18.5,19.0,20.0,19.5,2.0,1.5,2.5,1.0,0.5,1.0,1.5,1.0,2.0
647,openrouter/horizon-alpha,20.0,18.5,19.0,19.5,20.0,19.0,18.0,19.5,19.0,19.5,18.5,20.0,19.5,1.0,2.5,1.5,1.0,0.5,2.0,1.0,0.5,1.0
648,openrouter/horizon-alpha,20.0,18.5,19.0,19.5,19.0,18.0,17.5,19.0,19.5,19.0,18.5,20.0,19.5,2.0,1.5,2.5,3.0,1.0,2.0,1.5,1.0,1.5
649,openrouter/horizon-alpha,20.0,18.5,19.0,19.5,19.0,18.0,19.0,19.5,19.5,19.0,18.5,20.0,19.5,2.0,3.0,2.5,1.5,1.0,2.0,1.5,1.0,2.0
650,openrouter/horizon-alpha,20.0,18.5,19.0,19.5,20.0,19.0,19.5,20.0,19.5,19.0,19.0,20.0,19.5,2.0,3.0,1.5,1.0,0.5,2.5,1.0,1.0,1.5
651,openrouter/horizon-alpha,20.0,18.5,19.0,19.5,19.0,18.0,17.5,19.0,19.0,18.5,18.5,19.5,19.0,3.0,2.5,3.5,2.0,1.0,3.0,2.5,1.0,2.0
652,openrouter/horizon-alpha,20.0,18.5,19.0,19.5,18.0,18.5,17.5,18.0,19.0,19.5,19.0,19.5,19.5,2.0,1.5,1.0,2.5,0.5,1.0,1.5,1.0,1.0
653,openrouter/horizon-alpha,20.0,18.5,19.0,19.5,18.0,17.5,19.0,19.5,19.0,19.5,18.5,20.0,19.5,3.0,1.5,1.0,2.0,0.5,1.0,1.5,1.0,1.5
654,openrouter/horizon-alpha,20.0,17.5,18.0,19.0,19.5,18.5,19.0,19.5,18.5,19.0,19.0,20.0,19.5,2.0,3.0,2.5,1.5,1.0,2.0,3.5,1.0,3.0
655,openrouter/horizon-alpha,20.0,18.5,19.0,19.5,20.0,19.0,18.0,19.5,19.0,18.5,19.5,20.0,19.5,2.0,1.5,1.0,1.0,0.5,2.5,1.5,1.0,1.5
656,openrouter/horizon-alpha,20.0,17.5,18.0,19.0,19.5,18.5,18.0,19.0,18.5,19.0,18.0,19.5,19.0,3.0,4.5,2.5,2.0,1.0,3.5,2.5,1.0,3.0
657,openrouter/horizon-alpha,20.0,18.5,19.5,19.0,20.0,19.5,18.0,19.0,19.0,19.5,19.0,20.0,19.5,2.0,1.5,1.0,1.0,0.5,2.5,1.5,1.0,1.0
658,openrouter/horizon-alpha,20.0,18.5,19.0,19.5,20.0,19.0,18.0,19.5,19.5,19.0,19.0,20.0,19.5,2.0,3.0,1.5,1.0,0.5,2.5,1.0,1.0,1.5
659,openrouter/horizon-alpha,20.0,18.5,19.0,19.5,19.0,17.5,18.0,19.5,19.0,19.5,18.5,19.0,19.5,2.0,1.5,3.0,1.0,1.0,2.5,1.5,1.0,1.5
660,openrouter/horizon-alpha,20.0,18.5,19.0,19.5,19.0,18.0,18.5,19.0,19.5,19.0,18.5,19.5,19.5,2.0,3.0,1.5,2.5,1.0,3.5,2.0,1.0,2.5
661,openrouter/horizon-alpha,20.0,18.5,19.0,19.5,19.0,18.0,19.5,19.5,19.0,18.5,18.5,20.0,19.5,3.0,2.5,1.5,2.0,1.0,3.5,3.0,1.0,2.5
662,openrouter/horizon-alpha,20.0,19.5,20.0,19.0,19.5,18.5,19.0,20.0,19.5,19.0,18.0,20.0,19.5,3.0,2.5,3.5,2.0,1.0,3.0,3.5,1.0,2.5
663,openrouter/horizon-alpha,20.0,19.5,18.0,19.0,20.0,19.5,18.5,19.0,20.0,19.5,19.0,20.0,19.5,1.0,2.0,1.5,2.5,0.5,1.0,1.5,1.0,1.0
664,openrouter/horizon-alpha,20.0,18.5,19.0,19.5,20.0,19.0,18.0,19.5,19.0,19.5,18.5,20.0,19.5,1.0,2.5,1.5,1.0,0.5,2.0,1.0,1.0,1.5
665,openrouter/horizon-alpha,20.0,18.5,19.0,19.5,20.0,19.0,18.0,19.5,19.0,19.5,19.0,20.0,19.5,2.0,1.5,1.0,1.0,0.5,2.5,1.5,1.0,1.0
666,openrouter/horizon-alpha,20.0,18.5,19.5,19.0,19.5,18.0,17.5,19.0,19.5,18.5,18.5,19.0,19.5,1.0,1.5,2.0,2.5,0.5,3.0,2.0,1.0,1.0
667,openrouter/horizon-alpha,20.0,18.5,19.0,19.5,19.0,18.0,18.5,19.0,19.5,19.0,18.5,19.5,19.5,2.0,3.0,2.5,1.5,1.0,3.5,2.0,1.0,2.5
668,openrouter/horizon-alpha,20.0,18.5,19.0,19.5,18.0,17.5,18.5,19.0,19.0,19.5,18.0,20.0,19.5,2.0,3.0,1.5,1.0,0.5,2.5,3.5,1.0,1.5
669,openrouter/horizon-alpha,20.0,17.5,14.0,19.5,18.0,17.0,12.5,15.0,19.0,19.5,18.5,19.0,19.5,2.0,3.0,2.5,1.5,1.0,2.0,3.0,1.0,2.5
670,openrouter/horizon-alpha,20.0,18.5,19.0,19.5,20.0,19.0,18.0,19.5,20.0,19.0,19.5,20.0,19.5,1.0,2.0,1.5,1.0,0.5,2.5,1.0,1.0,1.5
671,openrouter/horizon-alpha,20.0,18.5,19.0,19.5,19.0,18.0,18.5,19.0,19.5,19.0,18.5,20.0,19.5,2.0,1.5,2.5,1.0,0.5,3.0,2.0,1.0,2.5
672,o3,20.0,18.5,19.0,19.5,18.0,17.5,17.0,19.0,20.0,19.5,18.5,19.0,19.5,1.5,2.0,3.0,2.5,1.0,2.0,1.5,1.0,2.0
673,o3,20.0,18.5,19.0,19.5,19.0,18.0,19.0,19.5,20.0,18.5,19.0,19.5,19.5,1.0,2.0,1.5,2.5,0.5,1.0,1.0,1.0,1.5
674,o3,20.0,17.5,19.0,19.5,19.0,18.5,18.0,18.5,19.5,18.0,19.0,19.5,19.0,1.0,2.0,1.5,2.5,0.5,1.0,1.5,1.0,3.0
675,o3,20.0,18.5,19.0,19.5,18.0,17.5,18.5,19.0,19.5,18.0,18.5,19.0,19.5,2.0,3.0,2.5,3.5,1.0,2.0,1.5,1.0,2.5
676,o3,20.0,18.5,19.0,19.5,19.0,18.0,18.5,19.0,19.5,19.0,19.0,19.5,19.0,2.0,3.0,2.5,3.5,1.0,2.0,1.5,1.0,2.5
677,o3,20.0,17.5,18.0,19.5,19.0,18.5,17.0,18.5,19.0,19.5,18.0,19.0,19.5,2.0,3.0,2.5,3.5,1.0,2.0,1.5,1.0,1.5
678,o3,20.0,18.5,19.0,18.0,17.5,17.0,18.5,19.5,19.0,18.0,18.5,19.5,19.0,2.0,1.5,2.5,3.0,1.0,1.5,1.0,1.0,2.0
679,o3,20.0,17.5,18.0,19.0,19.5,18.5,18.0,19.0,19.5,19.0,18.5,19.5,19.0,1.0,2.5,1.5,2.0,0.5,1.0,1.5,1.0,1.0
680,o3,20.0,18.5,19.0,19.5,18.0,17.5,17.0,18.5,19.0,18.0,18.5,19.5,19.0,2.0,1.5,3.0,3.5,1.0,2.5,1.5,1.0,2.5
681,o3,20.0,17.5,18.0,19.0,19.5,18.5,18.0,19.0,19.5,19.0,18.5,19.5,19.0,2.0,3.0,2.5,3.5,1.0,2.0,2.5,1.0,1.5
682,o3,20.0,19.5,19.0,19.5,20.0,19.0,19.5,19.5,20.0,19.0,19.5,20.0,19.5,1.0,2.0,1.5,1.0,0.5,2.5,1.5,1.0,1.0
683,o3,20.0,18.5,19.0,19.5,19.0,18.0,17.5,19.5,19.0,19.5,18.5,19.0,19.5,2.0,3.0,2.5,3.5,1.0,2.0,1.5,1.0,2.5
684,o3,20.0,18.5,19.0,19.5,18.0,18.5,17.5,18.0,19.0,19.5,19.0,19.5,19.0,1.0,1.5,2.0,2.5,0.5,1.0,1.0,1.0,1.5
685,o3,20.0,18.5,19.0,19.5,18.0,17.5,18.5,19.0,20.0,18.0,19.0,19.5,19.0,2.0,1.5,3.0,3.5,1.0,2.5,1.5,1.0,2.5
686,o3,20.0,16.5,17.0,18.5,17.5,16.0,18.0,19.0,18.0,19.5,18.5,19.0,19.5,2.0,3.0,4.0,3.5,1.0,2.5,3.0,1.0,4.5
687,o3,20.0,17.5,19.0,19.5,19.0,18.5,18.0,19.5,19.0,18.5,19.0,19.5,19.0,2.0,3.0,2.5,3.5,1.0,2.0,2.5,1.0,3.0
688,o3,20.0,15.5,17.0,19.0,19.5,18.5,18.0,18.5,19.0,19.5,18.0,19.0,19.5,2.0,3.5,2.5,3.0,1.0,2.0,2.5,1.0,3.0
689,o3,20.0,18.5,19.0,19.5,19.0,18.0,17.5,18.5,19.5,19.0,18.5,19.5,19.0,2.0,1.5,1.0,2.5,0.5,3.0,1.5,1.0,1.5
690,o3,20.0,18.5,19.0,19.5,20.0,19.0,18.0,19.5,20.0,19.0,19.5,19.5,19.5,2.0,3.0,1.5,2.5,1.0,1.5,2.0,1.0,1.0
691,o3,20.0,18.5,19.0,19.5,18.0,17.5,19.0,19.5,19.0,18.5,18.0,19.5,19.0,2.0,1.5,3.0,3.5,1.0,2.5,1.5,1.0,2.5
692,o3,20.0,19.5,19.0,20.0,18.5,19.0,18.0,19.5,20.0,19.0,19.5,20.0,19.5,2.0,3.0,1.5,1.0,0.5,2.5,1.0,1.0,1.5
693,o3,20.0,18.5,19.0,19.5,19.0,18.0,19.5,20.0,19.0,18.5,18.5,19.5,19.0,2.0,3.0,1.5,1.0,0.5,2.5,1.5,1.0,1.0
694,o3,20.0,18.5,19.0,19.5,19.0,18.0,19.5,20.0,19.0,19.5,18.5,20.0,19.5,2.0,3.0,1.5,1.0,0.5,2.5,3.5,1.0,1.5
695,o3,20.0,19.5,18.0,19.0,20.0,19.5,17.5,18.5,20.0,19.0,19.0,20.0,19.5,1.0,1.0,2.0,3.0,0.5,2.5,1.5,1.0,1.0
696,o3,20.0,18.5,19.0,19.5,19.0,18.0,18.5,19.5,19.0,19.0,18.5,19.5,19.5,1.5,2.0,1.0,1.5,0.5,2.5,1.0,1.0,1.5
697,o3,20.0,18.5,19.0,19.5,20.0,18.0,18.5,19.0,19.5,19.0,18.5,20.0,19.5,1.0,2.5,1.5,1.0,0.5,3.0,2.0,1.0,1.5
698,o3,20.0,18.5,19.0,19.5,20.0,19.0,17.5,18.0,19.5,19.0,19.0,20.0,19.5,1.0,2.5,1.5,3.0,0.5,2.0,1.0,0.5,1.0
699,o3,20.0,18.5,19.0,19.5,19.0,18.0,18.5,19.0,19.5,19.0,18.5,20.0,19.5,1.0,2.5,1.5,3.0,0.5,2.0,1.0,1.0,1.5
700,o3,20.0,18.5,17.0,19.5,18.0,17.5,19.0,18.5,19.0,19.5,18.0,20.0,19.5,2.0,3.0,4.0,2.5,1.0,3.5,3.0,1.0,2.0
701,o3,19.5,14.0,12.5,19.0,17.5,16.0,10.0,13.5,18.5,19.5,17.0,19.0,19.5,2.0,3.5,4.0,3.0,1.0,2.5,3.0,1.0,2.5
702,o3,20.0,18.5,19.0,19.5,20.0,19.0,18.0,19.5,20.0,18.5,19.0,19.5,19.5,1.0,2.0,1.5,1.0,0.5,2.5,1.0,1.0,1.5
703,o3,20.0,18.5,19.0,19.5,20.0,18.0,17.5,19.0,19.5,19.0,18.5,19.5,19.5,2.0,3.0,1.5,1.0,0.5,2.5,1.5,1.0,2.0
704,o3,20.0,18.5,19.0,19.5,18.0,18.5,17.5,19.0,20.0,19.0,18.5,19.5,19.0,2.0,1.5,3.0,2.5,1.0,2.0,1.5,1.0,1.5
705,o3,20.0,18.5,19.0,19.5,19.0,18.0,19.5,19.0,20.0,18.5,19.0,19.5,19.5,2.0,1.5,3.0,2.5,1.0,3.5,2.0,1.0,2.5
706,o3,20.0,17.5,19.0,18.5,19.5,18.0,18.0,18.5,19.0,19.0,18.5,19.5,19.0,2.0,1.5,2.5,3.0,1.0,2.0,1.5,1.0,3.5
707,o3,20.0,18.5,19.0,19.5,18.0,17.5,17.0,18.5,19.0,19.5,18.5,19.0,19.5,2.0,3.0,2.5,3.5,1.0,2.0,2.5,1.0,1.5
708,o3,20.0,18.5,19.0,19.5,19.0,18.0,19.0,19.5,19.5,19.0,19.0,19.5,19.5,2.0,3.0,2.5,3.5,1.0,2.0,1.5,1.0,2.5
709,o3,20.0,17.5,18.0,19.0,19.5,18.5,17.0,18.5,19.0,19.5,18.0,19.0,19.5,2.0,3.0,2.5,3.5,1.0,2.0,1.5,1.0,2.5
710,o3,20.0,18.5,19.0,18.0,17.5,16.0,18.5,19.5,19.0,18.0,18.5,19.5,19.0,2.0,1.5,3.0,3.5,1.0,1.5,1.0,1.0,2.5
711,o3,20.0,17.5,18.0,19.0,19.5,18.5,18.0,19.0,19.5,19.0,18.5,19.5,19.0,2.0,3.0,2.5,3.5,1.0,3.0,2.5,1.0,2.0
712,o3,20.0,18.5,19.0,19.5,19.0,18.0,17.5,18.5,19.5,19.0,18.5,19.5,19.0,1.0,2.5,1.5,3.0,0.5,1.0,1.5,1.0,1.0
713,o3,20.0,17.5,18.0,19.0,19.5,18.5,18.0,19.0,19.5,19.0,18.5,19.5,19.0,2.0,3.0,2.5,1.5,1.0,3.5,2.0,1.0,2.5
714,o3,20.0,19.5,19.0,19.5,20.0,19.0,19.5,19.5,20.0,19.0,19.5,20.0,19.5,1.0,2.0,1.5,1.0,0.5,2.5,1.0,1.5,1.0
715,o3,20.0,17.5,19.0,19.5,19.0,18.5,18.0,19.5,19.0,19.5,18.5,19.0,19.5,2.0,3.0,2.5,1.5,1.0,2.0,1.5,1.0,2.5
716,o3,19.5,17.0,18.5,19.0,18.0,17.5,16.5,17.0,19.5,18.0,18.5,19.0,19.5,2.0,3.0,1.5,2.5,1.0,1.5,1.0,1.0,1.5
717,o3,20.0,18.5,19.0,19.5,19.0,18.0,18.5,17.5,20.0,18.0,19.0,19.5,19.0,2.0,1.5,2.5,3.0,1.0,1.5,1.0,1.0,2.0
718,o3,20.0,16.5,17.0,18.5,17.5,16.0,18.0,18.5,19.0,19.5,18.0,19.0,19.5,2.0,3.5,4.0,3.0,1.5,2.5,3.0,1.0,2.5
719,o3,20.0,17.5,19.0,19.5,19.0,18.5,18.0,19.5,19.0,18.5,19.0,19.5,19.0,2.0,1.5,1.0,2.5,0.5,3.0,2.0,1.0,1.5
720,o3,20.0,16.5,17.0,19.0,19.5,18.0,18.5,18.0,19.0,19.5,18.5,19.0,19.5,2.0,4.0,3.0,3.5,1.0,2.5,2.0,1.0,1.5
721,o3,20.0,18.5,19.0,19.5,19.0,18.0,18.5,19.5,19.0,19.5,18.5,20.0,19.5,2.0,1.5,2.5,1.0,0.5,3.0,1.5,1.0,1.5
722,o3,20.0,18.5,19.0,19.5,20.0,19.0,18.0,19.5,20.0,19.0,19.5,19.5,19.5,2.0,3.0,1.5,2.5,1.0,1.5,1.0,1.0,1.5
723,o3,20.0,18.5,19.0,19.5,18.0,17.5,19.0,19.5,19.0,18.5,18.0,19.5,19.0,2.0,1.5,3.0,2.5,1.0,2.0,1.5,1.0,2.0
724,o3,20.0,18.5,19.0,19.5,18.0,17.5,18.5,19.0,19.5,18.0,18.5,19.0,19.5,2.0,3.0,2.5,1.5,1.0,3.5,2.0,1.0,2.5
725,o3,20.0,18.5,19.0,19.5,19.0,18.0,19.5,19.0,19.5,18.5,18.0,20.0,19.5,2.0,1.5,1.0,1.5,0.5,2.5,3.0,1.0,2.0
726,o3,20.0,18.5,19.0,19.5,18.0,17.5,19.0,20.0,19.5,18.5,18.0,19.5,19.0,2.0,3.0,2.5,3.5,1.0,2.0,3.0,1.0,2.5
727,o3,20.0,19.5,18.0,19.0,20.0,19.5,18.5,19.0,20.0,19.5,19.0,20.0,19.5,1.0,1.0,1.5,2.0,0.5,2.5,1.5,0.5,0.5
728,o3,20.0,18.5,19.0,19.5,19.0,18.0,18.5,19.5,19.0,18.0,18.5,19.5,19.0,2.0,3.0,2.5,1.5,1.0,2.0,1.5,1.0,2.5
729,o3,20.0,18.5,19.0,19.5,20.0,19.0,18.0,19.5,19.0,19.5,18.5,20.0,19.5,1.0,2.5,1.5,1.0,0.5,2.0,1.5,1.0,1.0
730,o3,20.0,18.5,19.0,19.5,20.0,19.0,18.0,19.5,19.5,19.0,19.0,20.0,19.5,1.0,1.5,1.0,2.0,0.5,2.5,1.5,1.0,1.0
731,o3,20.0,18.5,19.0,19.5,19.0,18.0,19.5,19.0,19.5,19.0,18.5,20.0,19.5,1.0,2.5,1.5,1.0,0.5,2.0,1.5,0.5,1.0
732,o3,20.0,18.5,19.0,19.5,17.0,16.5,18.0,19.0,18.5,19.5,17.5,19.0,19.5,2.0,3.0,4.0,2.5,1.0,3.5,3.0,1.0,2.0
733,o3,20.0,17.5,16.0,19.5,18.0,17.0,14.5,16.5,19.0,19.5,18.5,19.0,19.5,2.0,1.0,3.0,1.5,0.5,2.5,1.0,0.5,1.0
734,o3,20.0,18.5,19.0,19.5,19.0,18.0,16.5,17.5,19.5,18.0,18.5,19.0,19.5,2.0,3.0,2.5,1.5,1.0,3.5,2.0,1.0,2.5
735,o3,20.0,18.5,19.0,19.5,19.0,18.0,18.5,19.5,19.0,19.5,18.5,19.0,19.5,2.0,3.0,2.5,1.5,1.0,2.0,1.5,1.0,2.5
736,o3,20.0,18.5,19.0,19.5,19.0,18.0,17.5,18.5,19.5,19.0,18.5,19.5,19.0,1.5,2.0,1.0,2.5,0.5,3.0,1.0,1.0,1.5
737,o3,20.0,18.5,19.0,19.5,19.0,18.0,19.5,19.0,20.0,18.5,19.0,20.0,19.5,1.0,2.0,1.5,1.0,0.5,2.5,1.0,1.0,1.5
738,o3,20.0,17.5,19.0,18.5,19.5,18.0,19.0,18.5,19.5,18.0,19.0,20.0,19.5,1.0,2.0,1.5,2.5,0.5,1.0,1.5,1.0,3.0
739,o3,20.0,18.5,19.0,19.5,18.0,17.5,16.0,18.5,19.0,19.5,18.5,19.0,19.5,2.0,1.5,3.0,2.5,1.0,1.5,2.0,1.0,1.5
740,o3,20.0,18.5,19.0,19.5,19.0,18.0,19.5,19.0,19.5,19.0,18.5,20.0,19.5,2.0,1.5,3.0,2.5,1.0,2.0,1.5,1.0,2.5
741,o3,20.0,17.5,18.0,19.5,19.0,18.5,16.0,17.0,19.0,19.5,18.0,19.0,19.5,2.0,1.5,1.0,2.5,0.5,1.0,1.5,1.0,1.5
742,o3,20.0,17.5,19.0,18.5,16.0,17.0,18.0,18.5,19.5,17.5,18.0,19.0,19.5,2.0,1.5,3.0,3.5,1.0,2.5,1.5,1.0,2.5
743,o3,20.0,17.5,18.0,19.0,19.5,18.5,18.0,19.0,19.5,19.0,18.5,19.0,19.5,2.0,3.0,2.5,3.5,1.0,3.0,2.5,1.0,2.0
744,o3,20.0,18.5,19.0,19.5,19.0,18.0,18.5,19.5,19.0,19.5,18.5,20.0,19.5,1.0,2.5,1.5,3.0,0.5,2.0,1.0,1.0,2.0
745,o3,20.0,17.5,18.0,19.0,19.5,18.5,18.0,19.0,19.5,19.0,19.0,19.5,19.0,2.0,3.0,2.5,3.5,1.0,2.0,2.5,1.0,2.0
746,o3,20.0,18.5,19.0,19.5,19.0,19.5,19.0,19.5,19.5,18.0,19.0,19.5,19.5,2.0,3.0,2.5,1.5,1.0,3.5,2.0,1.0,2.5
747,o3,20.0,18.5,19.0,19.5,20.0,19.0,18.0,19.5,19.0,19.5,19.0,20.0,19.5,2.0,3.0,1.5,1.0,0.5,2.5,1.0,0.5,1.0
748,o3,20.0,18.5,17.0,19.5,16.0,17.5,16.5,18.0,19.0,18.5,18.0,19.5,19.0,2.0,3.0,2.5,3.5,1.0,2.0,1.5,1.0,1.5
749,o3,20.0,18.5,19.0,19.5,19.0,18.0,18.5,18.0,20.0,19.5,19.0,19.5,19.0,2.0,1.5,2.5,3.0,1.0,1.5,1.0,1.0,2.0
750,o3,20.0,16.5,17.0,18.5,17.5,16.0,18.0,19.0,18.0,19.5,18.5,19.0,19.5,2.0,3.0,4.0,3.5,1.0,2.5,3.0,1.0,2.5
751,o3,20.0,17.5,19.0,19.5,19.0,18.5,18.0,19.5,19.0,18.5,19.0,19.5,19.0,2.0,3.0,2.5,3.5,1.0,2.0,2.5,1.0,3.0
752,o3,20.0,16.5,18.0,19.5,19.0,18.5,17.5,19.0,18.0,19.5,18.5,19.0,19.5,2.0,3.5,2.5,1.5,1.0,3.0,2.0,1.0,2.5
753,o3,20.0,18.5,19.0,19.5,20.0,19.0,18.0,19.5,19.0,19.5,19.0,20.0,19.5,2.0,1.5,1.0,1.0,0.5,2.5,1.5,1.0,1.0
754,o3,20.0,18.5,19.0,19.5,19.0,18.0,18.5,19.0,19.5,19.0,18.5,19.5,19.0,2.0,3.0,2.5,1.5,1.0,2.0,1.5,1.0,1.0
755,o3,20.0,18.5,19.0,19.5,19.0,18.0,19.5,19.0,20.0,19.5,18.5,19.0,19.5,2.0,1.5,3.0,1.0,1.0,2.5,1.5,1.0,1.5
756,o3,20.0,18.5,19.0,19.5,18.0,18.5,18.0,19.0,19.5,18.5,18.0,19.0,19.5,1.0,2.0,1.5,1.0,0.5,2.5,1.5,1.0,1.5
757,o3,20.0,18.5,19.0,19.5,18.0,17.5,19.0,20.0,19.5,18.5,18.0,19.5,19.0,2.0,3.5,2.5,1.5,1.0,3.0,2.0,1.0,2.5
758,o3,20.0,19.5,17.0,19.0,20.0,18.5,17.5,18.0,19.5,19.0,18.0,19.5,19.0,1.0,1.0,2.0,3.0,0.5,2.5,1.5,1.0,1.0
759,o3,20.0,18.5,19.0,19.5,19.0,18.0,18.5,19.5,19.0,19.0,18.5,19.5,19.5,1.0,2.5,3.0,1.5,0.5,2.0,1.0,1.0,1.5
760,o3,20.0,17.5,19.0,19.5,20.0,19.0,18.5,19.5,18.0,19.0,18.5,20.0,19.5,2.0,3.0,1.5,1.0,0.5,2.5,3.5,1.0,1.5
761,o3,20.0,18.5,19.0,19.5,20.0,19.0,17.5,19.5,19.0,19.5,19.0,20.0,19.5,1.0,2.5,1.5,2.0,0.5,3.0,2.5,1.0,1.0
762,o3,20.0,18.5,19.0,19.5,19.0,18.0,19.5,19.0,19.5,19.0,18.5,20.0,19.5,1.0,2.5,1.5,2.0,0.5,1.0,1.5,1.0,1.0
763,o3,19.5,17.0,18.5,19.0,17.5,16.0,18.0,19.0,19.5,18.5,17.0,19.5,19.0,2.0,1.0,3.0,3.5,1.0,2.5,2.0,1.0,2.5
764,o3,19.5,14.0,12.5,19.0,16.5,17.0,10.0,11.5,18.5,18.0,17.5,18.0,18.5,2.0,3.5,4.0,3.0,1.0,2.5,1.5,1.0,2.0
765,o3,20.0,18.5,19.0,19.5,20.0,19.0,17.5,18.0,19.5,18.5,19.0,19.5,19.0,2.0,3.0,1.5,1.0,0.5,2.5,1.0,1.0,1.5
766,o3,20.0,18.5,19.0,19.5,20.0,18.0,17.5,19.0,19.5,19.0,18.5,20.0,19.5,1.0,2.5,1.5,1.0,0.5,2.0,1.5,1.0,1.0
